{"type":"FeatureCollection","features":[{"type":"Feature","id":1,"geometry":{"type":"Polygon","coordinates":[[[176.12852167045159,-38.17107334930602],[176.12832719422346,-38.171027871507917],[176.12806954284864,-38.171005790577532],[176.12793948069202,-38.170965832831683],[176.12780570743621,-38.170839120171451],[176.12757510105064,-38.170591948685797],[176.127457669412,-38.170204244202012],[176.12720979651169,-38.170196376125261],[176.12672340292679,-38.169970496144252],[176.1263274652357,-38.169930383946635],[176.12585900030024,-38.170123808627594],[176.12534876243569,-38.170412434432677],[176.12483894146013,-38.170925416417198],[176.12441925619331,-38.171352756650329],[176.1243645076531,-38.171408502910019],[176.12437860775566,-38.171523930327879],[176.12444703796871,-38.171623435354974],[176.12441565873462,-38.171747312151545],[176.124318939441,-38.171843978074207],[176.12401704174243,-38.171859255711283],[176.1237334583563,-38.171874044034972],[176.12347426158408,-38.171815805911471],[176.12329933688542,-38.171798750165898],[176.1229604988236,-38.171807770316839],[176.12266436154559,-38.171743275519908],[176.12243058150599,-38.171850825258211],[176.12222180513314,-38.171899808080866],[176.12213547479129,-38.172025146733858],[176.12217797198511,-38.172161532422344],[176.12218291154937,-38.172277203936261],[176.12216130416542,-38.172415295612637],[176.12204904349883,-38.172577512538204],[176.12189685843029,-38.172878307520527],[176.12174703846969,-38.173019810861902],[176.12158836914725,-38.173168786774063],[176.12125631434117,-38.173336851042087],[176.12076095695684,-38.173545447677604],[176.12055093903675,-38.173565509660015],[176.12037878750226,-38.173613514187146],[176.1202780491609,-38.17361619355578],[176.12006041596698,-38.173672645475555],[176.11984247392004,-38.173721867915077],[176.1197732207898,-38.173817799783585],[176.11977661433289,-38.173897324278435],[176.1197723917015,-38.174013239577754],[176.11972238005589,-38.17413037341818],[176.11960332463201,-38.174133539308812],[176.11941192934145,-38.174160341372449],[176.11901329059265,-38.174272268774445],[176.11862750886877,-38.174470704207501],[176.11821378979906,-38.174711022641326],[176.1181443780502,-38.174751341529713],[176.11792806412572,-38.175053836973483],[176.11778708248494,-38.175187862312647],[176.11762294113649,-38.175423831402618],[176.11754975693097,-38.175581840723567],[176.11746342317079,-38.175768242261839],[176.11769999821595,-38.175725767159108],[176.1180870224552,-38.175556251721133],[176.11833882922988,-38.175440993050572],[176.11873536118705,-38.175082124257891],[176.11883318645195,-38.174993589652701],[176.11894730842425,-38.174874752665993],[176.11897262466999,-38.174823414946296],[176.11938217955654,-38.174537493322418],[176.12016546067542,-38.174415336200376],[176.12031631035282,-38.174512651592245],[176.12129541097002,-38.17403786869157],[176.12162108939668,-38.173935113162941],[176.122365874422,-38.173770539340445],[176.12293367317019,-38.173755426146364],[176.12345022830118,-38.173828526482573],[176.12404375614327,-38.1739864276799],[176.12450505726912,-38.174053757379077],[176.12506617063514,-38.174096713744277],[176.12554146224298,-38.174062338364685],[176.12687327935632,-38.173903808510133],[176.12671952192412,-38.173524308040406],[176.12681283883902,-38.173348116234926],[176.12703776711021,-38.173248031009855],[176.12757487267194,-38.172944205991193],[176.12796061909737,-38.172745741594277],[176.12838256383668,-38.172321942374495],[176.1286079830665,-38.172019185533948],[176.12874058533865,-38.171689953600819],[176.12866410725218,-38.171402485675515],[176.12852167045159,-38.17107334930602]]]},"properties":{"OBJECTID":1,"comp_id":"C001","forest_name":"Rotorua Demo Forest","species":"Unknown","plant_year":null,"age_yr":null,"status":"Standing","area_ha":19.937660639917773,"source":"LINZ Rural Aerial","img_year":2024,"confidence":"High","last_edit":1786665600000,"edit_note":"Standing plantation forest interpreted from regular planting pattern and continuous canopy.","forest_type":"Plantation","Shape_Length":2704.3531286249026,"Shape_Area":199376.60639917772,"image_period":"2015-2017","old_comp_id":"C001","new_comp_id":"C001","old_status":"Harvested","new_status":"Standing","change_type":"Regenerated","change_conf":"High","change_note":"Harvested/open plantation area in 2015–2017; continuous standing plantation canopy established by 2024–2025."}},{"type":"Feature","id":2,"geometry":{"type":"Polygon","coordinates":[[[176.13972701239669,-38.173065741247335],[176.14007976429676,-38.172945129313298],[176.14025876992713,-38.172741157840662],[176.14032055596417,-38.172540322976531],[176.14029621657531,-38.172383482738134],[176.14019201011271,-38.172279733029654],[176.1399084006199,-38.172370702489552],[176.13971499053005,-38.172375878808353],[176.13954323524288,-38.172338786037713],[176.13935916205514,-38.172288126512093],[176.13930869899033,-38.17220609923605],[176.13990720057723,-38.170976469116987],[176.13987074361899,-38.17081068866802],[176.13969621047565,-38.170708820623055],[176.13952813530815,-38.170620676514332],[176.13948720864204,-38.170487440424893],[176.13948045406403,-38.170330129362739],[176.1386993820322,-38.170313971724546],[176.13779891057033,-38.170250048679371],[176.13742580670578,-38.170306348074362],[176.13728047869134,-38.170338027597261],[176.13674096221405,-38.171028742439418],[176.13654148370546,-38.171302738479007],[176.13629740490177,-38.171494547914094],[176.13581113623857,-38.171785473624105],[176.1353811838637,-38.172158270007955],[176.13518966243925,-38.172245839910232],[176.13462973509078,-38.172411994595727],[176.13391918570218,-38.17265628366701],[176.13357204637808,-38.172793032523288],[176.13300504449336,-38.173057198283892],[176.1322997399875,-38.17351182129979],[176.13172535349401,-38.173779143173419],[176.13141457277209,-38.173888233752017],[176.13069279702535,-38.174221740753701],[176.1300771135476,-38.174665064953274],[176.12998221128049,-38.174882527787297],[176.13017919572357,-38.174960649848408],[176.13037827817018,-38.174950706064294],[176.13054547892855,-38.174881394573639],[176.1306170020456,-38.174907279159221],[176.13092483948046,-38.175107508831573],[176.13112451663443,-38.175111444044497],[176.13136771505268,-38.175035471248918],[176.1313690175302,-38.174928897287181],[176.13145098945955,-38.174787746043847],[176.13151070630462,-38.174674981089588],[176.1316142248007,-38.17462589674377],[176.13183029565545,-38.174601599975531],[176.13196142141774,-38.174649053119396],[176.13246576550952,-38.174779183458227],[176.13274888609558,-38.174813311863538],[176.13301243970164,-38.174801641976039],[176.13327797734794,-38.174836239563312],[176.13339658857282,-38.174865496532227],[176.13350050254971,-38.174825663462258],[176.13356964667062,-38.174796024324714],[176.1336387906949,-38.174766384248763],[176.13372650955074,-38.17475940939088],[176.1338214785377,-38.174784664811767],[176.13392429175076,-38.174856032557642],[176.13404091970912,-38.174839020799951],[176.13426910818885,-38.174823660201554],[176.13439904548855,-38.17484334916341],[176.13452918235532,-38.174867664391563],[176.13477524249186,-38.174995421061524],[176.13486494663667,-38.175034713337972],[176.13494332400924,-38.175083572611442],[176.13501057526105,-38.175146624384787],[176.13508110680186,-38.175149372189857],[176.13528565349387,-38.175130009646296],[176.13534913367081,-38.175105152579363],[176.13553391394331,-38.175035364203261],[176.13559093790579,-38.174996783436477],[176.13575068376534,-38.174890606296216],[176.13582857248838,-38.17479125055506],[176.13586444052683,-38.174669856578646],[176.13604793468622,-38.174433345543989],[176.13615711170203,-38.174379474228573],[176.13642980572101,-38.174307334273806],[176.1365854748376,-38.17424295520609],[176.13678247351095,-38.174047771285622],[176.13686622167066,-38.173948257311523],[176.13696318376296,-38.173746483514542],[176.13708447957893,-38.173701551692275],[176.13722961575672,-38.173665245701464],[176.13729309510057,-38.173640387629725],[176.13747141117403,-38.173556873014363],[176.13768459959178,-38.173328829760997],[176.13796801615277,-38.173233239013747],[176.13847256143899,-38.173094675497353],[176.13877445181899,-38.17315608040159],[176.13900541458685,-38.173205486209554],[176.13927263671047,-38.173142750528619],[176.13972701239669,-38.173065741247335]]]},"properties":{"OBJECTID":2,"comp_id":"C002","forest_name":"Rotorua Demo Forest","species":"Unknown","plant_year":null,"age_yr":null,"status":"Regenerating","area_ha":20.825913626074996,"source":"LINZ Rural Aerial","img_year":2024,"confidence":"High","last_edit":1786665600000,"edit_note":"Regenerating plantation with clear regular forestry pattern and spatially variable vegetation recovery.","forest_type":"Plantation","Shape_Length":2493.2991387066295,"Shape_Area":208259.13626074998,"image_period":"2015-2017","old_comp_id":"C002","new_comp_id":"C002","old_status":"Standing","new_status":"Harvested","change_type":"Harvested","change_conf":"High","change_note":"Standing plantation in 2015–2017; harvested by 2024–2025, with early post-harvest vegetation/regrowth visible."}},{"type":"Feature","id":3,"geometry":{"type":"Polygon","coordinates":[[[176.13771943170752,-38.169783950262229],[176.13765557037473,-38.169763897759914],[176.13738478504405,-38.169876830778357],[176.13724065698864,-38.170005027621293],[176.13710159621456,-38.170067808324056],[176.13703026791922,-38.170057281701048],[176.13726412733379,-38.16981788604371],[176.13731559353994,-38.169732578893971],[176.13730533008683,-38.16967689853562],[176.13707167388921,-38.169829249706154],[176.13650303018645,-38.170158417548492],[176.13637156864726,-38.170214777732049],[176.13613690592982,-38.170435541828056],[176.13607783764286,-38.170527269098997],[176.13594664255595,-38.170589838199056],[176.13570945616561,-38.170568200991603],[176.13542934410816,-38.170463779619247],[176.13529555724008,-38.170374098511026],[176.13510429884153,-38.170413403098429],[176.1348859071087,-38.170462758965776],[176.13476698197081,-38.170444177129689],[176.13473606172647,-38.17027403232207],[176.13506853559738,-38.169854818456926],[176.13516693503414,-38.16976204062928],[176.13534933156546,-38.169607954857717],[176.13581560758138,-38.169078112159603],[176.1358507186585,-38.16889260208125],[176.13586935665757,-38.168018124673502],[176.13546834714401,-38.168081967478216],[176.13502485221261,-38.168275961924209],[176.13482840812227,-38.168402639246217],[176.13398631403109,-38.168941207027295],[176.13386200625038,-38.16908193580651],[176.13368479732495,-38.169357113428589],[176.13346779734468,-38.169530772195387],[176.1333103409228,-38.169531869279524],[176.13300610541441,-38.169415651421644],[176.13286079021236,-38.169332491804191],[176.13270933823864,-38.169289907672102],[176.13246022443067,-38.169265474020641],[176.13215044330843,-38.169295504335643],[176.13089118544181,-38.169957046987228],[176.12852167045159,-38.17107334930602],[176.12866410725218,-38.171402485675515],[176.12874058533865,-38.171689953600819],[176.1286079830665,-38.172019185533948],[176.12838256383668,-38.172321942374495],[176.12796061909737,-38.172745741594277],[176.12757487267194,-38.172944205991193],[176.12703776711021,-38.173248031009855],[176.12681283883902,-38.173348116234926],[176.12671952192412,-38.173524308040406],[176.12687327935632,-38.173903808510133],[176.12715884402525,-38.174097105600787],[176.12748364705644,-38.174207816020441],[176.12804632258462,-38.174282341321771],[176.1286118574896,-38.174364745676833],[176.12901397076527,-38.174515169482369],[176.12949962313323,-38.174739106629289],[176.12967471197518,-38.174819839860298],[176.12980126059918,-38.174832379865876],[176.1299117331842,-38.174763779942097],[176.1300771135476,-38.174665064953274],[176.13069279702535,-38.174221740753701],[176.13141457277209,-38.173888233752017],[176.13172535349401,-38.173779143173419],[176.1322997399875,-38.17351182129979],[176.13300504449336,-38.173057198283892],[176.13357204637808,-38.172793032523288],[176.13391918570218,-38.17265628366701],[176.13462973509078,-38.172411994595727],[176.13518966243925,-38.172245839910232],[176.1353811838637,-38.172158270007955],[176.13581113623857,-38.171785473624105],[176.13629740490177,-38.171494547914094],[176.13654148370546,-38.171302738479007],[176.13674096221405,-38.171028742439418],[176.13728047869134,-38.170338027597261],[176.13771943170752,-38.169783950262229]]]},"properties":{"OBJECTID":3,"comp_id":"C003","forest_name":"Rotorua Demo Forest","species":"Unknown","plant_year":null,"age_yr":null,"status":"Standing","area_ha":30.923216948236583,"source":"LINZ Rural Aerial","img_year":2024,"confidence":"High","last_edit":1786665600000,"edit_note":"Continuous mature forest canopy interpreted from aerial imagery.","forest_type":"Plantation","Shape_Length":3058.6450727772826,"Shape_Area":309232.16948236583,"image_period":"2015-2017","old_comp_id":"C003","new_comp_id":"C003","old_status":"Harvested","new_status":"Standing","change_type":"Regenerated","change_conf":"High","change_note":"Harvested/open plantation area in 2015–2017; continuous standing plantation canopy established by 2024–2025."}},{"type":"Feature","id":4,"geometry":{"type":"Polygon","coordinates":[[[176.12687327935632,-38.173903808510133],[176.12554146224298,-38.174062338364685],[176.12506617063514,-38.174096713744277],[176.12450505726912,-38.174053757379077],[176.12404375614327,-38.1739864276799],[176.12345022830118,-38.173828526482573],[176.12293367317019,-38.173755426146364],[176.122365874422,-38.173770539340445],[176.12162108939668,-38.173935113162941],[176.12129541097002,-38.17403786869157],[176.12031631035282,-38.174512651592245],[176.12016546067542,-38.174415336200376],[176.11938217955654,-38.174537493322418],[176.11897262466999,-38.174823414946296],[176.11894730842425,-38.174874752665993],[176.11883318645195,-38.174993589652701],[176.11873536118705,-38.175082124257891],[176.11833882922988,-38.175440993050572],[176.1180870224552,-38.175556251721133],[176.11769999821595,-38.175725767159108],[176.11746342317079,-38.175768242261839],[176.11738413014311,-38.175680665582284],[176.11720303805032,-38.175893886985769],[176.1170838403211,-38.176017128576483],[176.11701437984459,-38.17617179523576],[176.11708832454906,-38.176284447034824],[176.11733701869022,-38.176441575857467],[176.1180948285253,-38.176863527787454],[176.11824428058915,-38.17696325602143],[176.11831799542415,-38.177070454270655],[176.11846256307877,-38.177055695589573],[176.11862692059347,-38.177018578943141],[176.11874060634796,-38.176928230802133],[176.11881929596595,-38.176827896183383],[176.11896549238315,-38.176851299070677],[176.11904285794256,-38.176881989729374],[176.11922428304555,-38.176920829434458],[176.11933431950433,-38.176906987815187],[176.11968002799173,-38.176744973170635],[176.1201755797444,-38.176529851871194],[176.12028445186826,-38.17648875071513],[176.12037493088744,-38.176502717931299],[176.12055426224168,-38.176492489952246],[176.12080816531855,-38.176447530419281],[176.12115022055119,-38.176362019625245],[176.12131410934904,-38.17631399587242],[176.12142988676698,-38.176272710841552],[176.12152952239177,-38.17617727506957],[176.12162108864661,-38.176054764317435],[176.12180747963612,-38.175886067722509],[176.12192736731856,-38.175779176860587],[176.12222402351321,-38.175602087332898],[176.12235958531036,-38.175538442272504],[176.12256351141681,-38.175456603671314],[176.12277504073111,-38.175390936101508],[176.1229106027649,-38.175327290409157],[176.12299456085015,-38.175188608287222],[176.12313562991946,-38.175092068210667],[176.12332023289133,-38.175043490262588],[176.12344547535906,-38.175061987529432],[176.1236730756539,-38.175372486149193],[176.12395849028579,-38.175741481897916],[176.12399287130143,-38.175898845159026],[176.12402678657278,-38.176045305867646],[176.12406830716247,-38.17620793689283],[176.12419247029533,-38.176362910060114],[176.12439079034161,-38.176538175847156],[176.12455418160124,-38.176530331229969],[176.12470813645871,-38.176508764986224],[176.12490966704476,-38.176461480553129],[176.12514819825927,-38.17645163357794],[176.12536020896934,-38.17644249265097],[176.12565133207235,-38.176420763765364],[176.12596897536707,-38.1763983284023],[176.12636325064798,-38.176408780492935],[176.12664126276616,-38.176390891509776],[176.12678990011528,-38.176348506511516],[176.12691052567047,-38.176271937474844],[176.12695278634718,-38.176225400784716],[176.1270648691717,-38.176156045212203],[176.12715604771518,-38.176115191332862],[176.12729037979631,-38.176048735425688],[176.12737743560876,-38.176014977194782],[176.12747025573657,-38.176012502754602],[176.12758487538483,-38.176002461155598],[176.12775119182314,-38.175959603633771],[176.12791294003279,-38.17591337382072],[176.1280599333312,-38.175832607633509],[176.12817748053621,-38.175787556922351],[176.12825748758945,-38.175795902393304],[176.12842828248998,-38.175857715928011],[176.12859638987197,-38.175856725847126],[176.12891620903079,-38.175781828351639],[176.12972592150984,-38.175470306101282],[176.1298102866111,-38.175373742851093],[176.12981067323167,-38.175279420006646],[176.12982109444209,-38.175212774005182],[176.12992815671743,-38.175129577867466],[176.12972507852948,-38.17503719025251],[176.12949962313323,-38.174739106629289],[176.12901397076527,-38.174515169482369],[176.1286118574896,-38.174364745676833],[176.12804632258462,-38.174282341321771],[176.12748364705644,-38.174207816020441],[176.12715884402525,-38.174097105600787],[176.12687327935632,-38.173903808510133]]]},"properties":{"OBJECTID":4,"comp_id":"C004","forest_name":"Rotorua Demo Forest","species":"Unknown","plant_year":null,"age_yr":null,"status":"Standing","area_ha":22.616643552282767,"source":"LINZ Rural Aerial","img_year":2024,"confidence":"High","last_edit":1786665600000,"edit_note":"Small continuous forest stand interpreted from aerial imagery.","forest_type":"Plantation","Shape_Length":2715.5669590143234,"Shape_Area":226166.43552282767,"image_period":"2015-2017","old_comp_id":"C004","new_comp_id":"C004","old_status":"Harvested","new_status":"Standing","change_type":"Regenerated","change_conf":"High","change_note":"Harvested/open plantation area in 2015–2017; established standing plantation visible in 2024–2025."}},{"type":"Feature","id":5,"geometry":{"type":"Polygon","coordinates":[[[176.12396118080358,-38.171386561558201],[176.12387613570854,-38.171347333983533],[176.12363186349924,-38.171229361649729],[176.12292374895804,-38.170785742663078],[176.12267560064143,-38.170673584338701],[176.1225868588335,-38.170564167859759],[176.12257369859788,-38.170463219463457],[176.12259053038127,-38.170235722481927],[176.12267415582176,-38.170121719125611],[176.12269650056507,-38.170023317776753],[176.12268145397294,-38.169981801792879],[176.12257036707624,-38.169970786637144],[176.12247095126568,-38.170025827980595],[176.12233399240066,-38.170134265578035],[176.12195117312709,-38.170287668340393],[176.1214142586899,-38.170459142573961],[176.12123618101961,-38.170537234425915],[176.12105710777783,-38.17069569340515],[176.12093166645403,-38.170866697286186],[176.12081109093168,-38.171048051401854],[176.12069667339719,-38.171166365515766],[176.12036862061001,-38.171255432145223],[176.11991472942327,-38.171298941062645],[176.11965292461386,-38.171281451348428],[176.11953682091351,-38.171256593974704],[176.11949247502145,-38.171254280158152],[176.11936504780425,-38.171275134066505],[176.11906967136017,-38.171300452161859],[176.11886576900079,-38.171291901073552],[176.1186949910315,-38.171230072786031],[176.11851478001643,-38.171154522216952],[176.11819986828772,-38.171058973836622],[176.11781321222253,-38.171232987892303],[176.11738790844029,-38.171473521915004],[176.11699138741574,-38.171740579381712],[176.11670047775499,-38.171890214254155],[176.11655203371456,-38.171976026697166],[176.11642981982956,-38.172028393696436],[176.11623512497948,-38.17216455571964],[176.11598013577651,-38.172345981414352],[176.11590695843779,-38.172413420164823],[176.11582415109282,-38.172579357418186],[176.1158737830977,-38.172932803956769],[176.11585957064327,-38.173086002628516],[176.11586451416602,-38.173364224970356],[176.11599904663055,-38.173600799925964],[176.1161650896436,-38.173765585526354],[176.11652031972628,-38.173827102545808],[176.11672152466065,-38.173843589120793],[176.11688268881244,-38.173893885837565],[176.11690805565149,-38.174002370497334],[176.11687452155218,-38.174188830161917],[176.11693906783012,-38.174405432486473],[176.11709843994549,-38.174575850946127],[176.11730519822177,-38.175208933130541],[176.11754975693097,-38.175581840723567],[176.11762294113649,-38.175423831402618],[176.11778708248494,-38.175187862312647],[176.11792806412572,-38.175053836973483],[176.1181443780502,-38.174751341529713],[176.11821378979906,-38.174711022641326],[176.11862750886877,-38.174470704207501],[176.11901329059265,-38.174272268774445],[176.11941192934145,-38.174160341372449],[176.11960332463201,-38.174133539308812],[176.11972238005589,-38.17413037341818],[176.1197723917015,-38.174013239577754],[176.11977661433289,-38.173897324278435],[176.1197732207898,-38.173817799783585],[176.11984247392004,-38.173721867915077],[176.12006041596698,-38.173672645475555],[176.1202780491609,-38.17361619355578],[176.12037878750226,-38.173613514187146],[176.12055093903675,-38.173565509660015],[176.12076095695684,-38.173545447677604],[176.12125631434117,-38.173336851042087],[176.12158836914725,-38.173168786774063],[176.12174703846969,-38.173019810861902],[176.12189685843029,-38.172878307520527],[176.12204904349883,-38.172577512538204],[176.12216130416542,-38.172415295612637],[176.12218291154937,-38.172277203936261],[176.12217797198511,-38.172161532422344],[176.12213547479129,-38.172025146733858],[176.12222180513314,-38.171899808080866],[176.12243058150599,-38.171850825258211],[176.12266436154559,-38.171743275519908],[176.1229604988236,-38.171807770316839],[176.12329933688542,-38.171798750165898],[176.12347426158408,-38.171815805911471],[176.1237334583563,-38.171874044034972],[176.12401704174243,-38.171859255711283],[176.124318939441,-38.171843978074207],[176.12441565873462,-38.171747312151545],[176.12444703796871,-38.171623435354974],[176.12437860775566,-38.171523930327879],[176.1243645076531,-38.171408502910019],[176.12441925619331,-38.171352756650329],[176.12416456772132,-38.171438375437923],[176.12409136205943,-38.171421724847683],[176.12396118080358,-38.171386561558201]]]},"properties":{"OBJECTID":5,"comp_id":"C005","forest_name":"Rotorua Demo Forest","species":"Unknown","plant_year":null,"age_yr":null,"status":"Standing","area_ha":18.96017435027818,"source":"LINZ Rural Aerial","img_year":2024,"confidence":"Medium","last_edit":1786665600000,"edit_note":"Continuous forest cover with irregular canopy structure; forest type uncertain from aerial imagery.","forest_type":"Unknown","Shape_Length":2283.695195708031,"Shape_Area":189601.74350278181,"image_period":"2015-2017","old_comp_id":"C005","new_comp_id":"C005","old_status":"Standing","new_status":"Standing","change_type":"No change","change_conf":"High","change_note":"Continuous mature forest cover visible in both periods; no clear harvesting or major canopy change detected."}},{"type":"Feature","id":6,"geometry":{"type":"Polygon","coordinates":[[[176.16052148646227,-38.172917803414236],[176.16065900031663,-38.172870023905659],[176.16085109609756,-38.172707661890371],[176.16091909517709,-38.172642955161749],[176.16126733932151,-38.172612613132621],[176.1615927312869,-38.172565421266881],[176.16184646083923,-38.172600500091633],[176.16204760591967,-38.172647473600314],[176.16218888333421,-38.172640172673319],[176.1622036940812,-38.172573405945244],[176.16204814660719,-38.172455342355832],[176.16192017273224,-38.17236098680884],[176.16184583754742,-38.172279158108772],[176.16153819612015,-38.171815889708043],[176.16062304650228,-38.17081010410952],[176.15937882966713,-38.169176785788309],[176.1590607985313,-38.16949644821009],[176.15847259524369,-38.170123566335185],[176.1576349990479,-38.170899298406809],[176.15659037217014,-38.171844332760564],[176.15577730150437,-38.172548439649098],[176.15460667744142,-38.173458640975333],[176.15393899679964,-38.173847727396819],[176.153101014367,-38.174295967249954],[176.15105462992355,-38.174940400889525],[176.14987366587636,-38.175452408992129],[176.1496515061786,-38.175514245521128],[176.14950473475812,-38.175555097450193],[176.14909986331446,-38.175626003094976],[176.14861667640363,-38.175644430416277],[176.14823299110799,-38.175725680238536],[176.147649399681,-38.175981486420959],[176.14710127450417,-38.176258169886189],[176.14662465289871,-38.176429233909552],[176.14624424573736,-38.176586798972004],[176.14580520049867,-38.176827804545134],[176.14542945791271,-38.177096038602151],[176.14765452572595,-38.177080030022005],[176.14777518135946,-38.176905077165792],[176.1478673110999,-38.176783841442266],[176.14817797072246,-38.176702151457349],[176.14843192137593,-38.176639447334544],[176.14859365488206,-38.176593190421045],[176.14876864752461,-38.176546577400977],[176.14943825177093,-38.176619803875553],[176.1496454796912,-38.176665407349944],[176.14985013747466,-38.176651385051841],[176.14998036093903,-38.176664944135261],[176.15038549384766,-38.176790511386088],[176.15072441520908,-38.176883744174376],[176.15104136326437,-38.177055582057484],[176.15446782548267,-38.177030748103931],[176.15446795550807,-38.177013396147146],[176.15438065781157,-38.176742849416414],[176.15418912786629,-38.176560385247221],[176.15415982831456,-38.176382087266056],[176.15442996370345,-38.176383351232353],[176.15468673588862,-38.176325279584624],[176.15482002942093,-38.176159664079258],[176.15489826742808,-38.175969946022434],[176.15573766756503,-38.175598349245462],[176.15584171859629,-38.175552286273266],[176.15634569065955,-38.175214666816743],[176.15654298628397,-38.175030271760903],[176.15697583278171,-38.174796899131955],[176.15725425542382,-38.174730051615754],[176.15757883150161,-38.174721315866641],[176.15795418026184,-38.174607513681998],[176.15825575990624,-38.174386537828269],[176.15869333232962,-38.174112779674253],[176.15882344021531,-38.173923709469136],[176.15896728446907,-38.173892546814365],[176.15907518500472,-38.173829604624501],[176.159235270312,-38.173694304616582],[176.15931774244476,-38.173522890324264],[176.15948850080881,-38.173474628602079],[176.15971379931551,-38.173408524047971],[176.159862190529,-38.173322659973451],[176.15995146332776,-38.173084693643098],[176.160048243955,-38.173071607956793],[176.16017154165732,-38.173057806989554],[176.16037564533917,-38.172968476571],[176.1604190168627,-38.172953406708388],[176.16052148646227,-38.172917803414236]]]},"properties":{"OBJECTID":6,"comp_id":"C006","forest_name":"Rotorua Demo Forest","species":"Unknown","plant_year":null,"age_yr":null,"status":"Standing","area_ha":36.134165624618603,"source":"LINZ Rural Aerial","img_year":2024,"confidence":"High","last_edit":1786665600000,"edit_note":"Standing plantation forest interpreted from regular planting pattern and continuous canopy.","forest_type":"Plantation","Shape_Length":3787.7899392614013,"Shape_Area":361341.65624618606,"image_period":"2015-2017","old_comp_id":"C006","new_comp_id":"C006","old_status":"Harvested","new_status":"Standing","change_type":"Regenerated","change_conf":"High","change_note":"Recently planted/young plantation visible in 2015–2017; canopy substantially developed and closed by 2024–2025."}},{"type":"Feature","id":7,"geometry":{"type":"Polygon","coordinates":[[[176.15937882966713,-38.169176785788309],[176.15873062595531,-38.168404895877387],[176.15849779236012,-38.168266190048449],[176.15813058156471,-38.168267547284202],[176.15805088856624,-38.168423195246724],[176.15794213616232,-38.168656376282804],[176.15778360382853,-38.168737395282484],[176.15753483139594,-38.169230182272443],[176.15708558851085,-38.169583389203851],[176.15713928995459,-38.170076562706747],[176.15690841078066,-38.170483587709903],[176.15664589597259,-38.170908520061936],[176.15646160664431,-38.17114373223302],[176.15626064342797,-38.171242945633793],[176.15604888928107,-38.171342449895164],[176.15571734143859,-38.171419592239801],[176.15546242646516,-38.171520255537004],[176.15516324732104,-38.1715965257101],[176.15491163899384,-38.171773850740031],[176.1547575070534,-38.171957082331652],[176.15432255499869,-38.172188371662173],[176.15395488132251,-38.172664627671153],[176.15295781896111,-38.173310235767204],[176.15275500817751,-38.1733668542307],[176.15247937414625,-38.173237814184787],[176.15220484286763,-38.173134327799936],[176.15200056178838,-38.173156873118337],[176.15184201284626,-38.173237883841495],[176.15162841047845,-38.173294789393104],[176.15121617748073,-38.173254696103896],[176.15090032152196,-38.173194956288981],[176.15039134315327,-38.173165985844825],[176.15026222705947,-38.173177981344807],[176.15016878526552,-38.173265769789872],[176.15002175754202,-38.173363524393615],[176.14978400386832,-38.1733613806542],[176.14948481033801,-38.173437635999171],[176.1493302941129,-38.173612342714499],[176.1491457575209,-38.173591713382457],[176.14883100317633,-38.173557522385593],[176.14795793075174,-38.173853846746468],[176.14747896336289,-38.174020201069311],[176.14702230773432,-38.174203010634088],[176.14679408388474,-38.174422330103994],[176.1465514014395,-38.174556758491498],[176.14622202803895,-38.174684983964141],[176.14603858893017,-38.174689903420344],[176.14564646331559,-38.1746151390779],[176.14525234400014,-38.17474509701605],[176.14501185619719,-38.174930631421311],[176.14452815148573,-38.175443198827971],[176.14418487174544,-38.175806956631817],[176.14413759509847,-38.175993791254172],[176.14391146354779,-38.176201793769032],[176.14359847031318,-38.176319338370831],[176.14345344248741,-38.176323224543111],[176.14329483562179,-38.176332932270647],[176.14315835356442,-38.176374794376102],[176.1430023259885,-38.176444469464457],[176.14277337606609,-38.176587050593987],[176.14250417585009,-38.17708001309002],[176.14248325479471,-38.177117170609094],[176.14542945791271,-38.177096038602151],[176.14580520049867,-38.176827804545134],[176.14624424573736,-38.176586798972004],[176.14662465289871,-38.176429233909552],[176.14710127450417,-38.176258169886189],[176.147649399681,-38.175981486420959],[176.14823299110799,-38.175725680238536],[176.14861667640363,-38.175644430416277],[176.14909986331446,-38.175626003094976],[176.14950473475812,-38.175555097450193],[176.1496515061786,-38.175514245521128],[176.14987366587636,-38.175452408992129],[176.15105462992355,-38.174940400889525],[176.153101014367,-38.174295967249954],[176.15393899679964,-38.173847727396819],[176.15460667744142,-38.173458640975333],[176.15577730150437,-38.172548439649098],[176.15659037217014,-38.171844332760564],[176.1576349990479,-38.170899298406809],[176.15847259524369,-38.170123566335185],[176.1590607985313,-38.16949644821009],[176.15937882966713,-38.169176785788309]]]},"properties":{"OBJECTID":7,"comp_id":"C007","forest_name":"Rotorua Demo Forest","species":"Unknown","plant_year":null,"age_yr":null,"status":"Standing","area_ha":25.384457342828089,"source":"LINZ Rural Aerial","img_year":2024,"confidence":"High","last_edit":1786665600000,"edit_note":"Standing plantation forest interpreted from regular planting pattern and continuous canopy.","forest_type":"Plantation","Shape_Length":3854.8167104389422,"Shape_Area":253844.57342828088,"image_period":"2015-2017","old_comp_id":"C007","new_comp_id":"C007","old_status":"Harvested","new_status":"Standing","change_type":"Regenerated","change_conf":"High","change_note":"Recently planted/young plantation visible in 2015–2017; canopy substantially developed and closed by 2024–2025."}},{"type":"Feature","id":8,"geometry":{"type":"Polygon","coordinates":[[[176.16275580610298,-38.174555935041887],[176.16254489391386,-38.174425174187718],[176.16236893295564,-38.17435316683725],[176.16225071298896,-38.174117572043897],[176.16240188193987,-38.17386618821326],[176.16232155930516,-38.173757490464276],[176.16203095972895,-38.173782379142587],[176.16170762054648,-38.173799622098258],[176.16148102581502,-38.173805728783535],[176.16125627152354,-38.173854424975985],[176.16100956825747,-38.173895183886344],[176.16069322517689,-38.174074265449441],[176.16057110678531,-38.174248113699555],[176.16030834469271,-38.174417223340171],[176.15978882142309,-38.174644415359531],[176.15966485916772,-38.174775672817198],[176.15954347348034,-38.174966555946241],[176.15917942746123,-38.175291892584482],[176.15862479625855,-38.175638136977554],[176.15857982642507,-38.175666210119417],[176.15821441845762,-38.17571015925747],[176.15794502203457,-38.175725939741668],[176.15752823688348,-38.175830964975233],[176.15711733651645,-38.176072278253088],[176.15618197675326,-38.176677344511717],[176.15599877704699,-38.176938110669582],[176.15597492668468,-38.177019793446512],[176.16167032391942,-38.176978220766138],[176.16190926920825,-38.176853316539422],[176.16242829854005,-38.176544601697643],[176.1626648870533,-38.176259873036926],[176.16289008509281,-38.175871751452448],[176.16312070734517,-38.175609014259571],[176.16402665738264,-38.174965116826101],[176.1635586538649,-38.174477286254394],[176.16354018453944,-38.174458034885419],[176.16353896881117,-38.1744587145417],[176.16310773235807,-38.174699949059381],[176.16295703493333,-38.174712539571345],[176.16275580610298,-38.174555935041887]]]},"properties":{"OBJECTID":8,"comp_id":"C008","forest_name":"Rotorua Demo Forest","species":"Unknown","plant_year":null,"age_yr":null,"status":"Standing","area_ha":13.350501358037087,"source":"LINZ Rural Aerial","img_year":2024,"confidence":"High","last_edit":1786665600000,"edit_note":"Standing plantation forest with regular planting pattern.","forest_type":"Plantation","Shape_Length":1777.4814724614043,"Shape_Area":133505.01358037087,"image_period":"2015-2017","old_comp_id":"C008","new_comp_id":"C008","old_status":"Recently planted","new_status":"Standing","change_type":"Regenerated","change_conf":"High","change_note":"Young plantation with clearly visible planting rows in 2015–2017; developed into dense standing plantation by 2024–2025."}},{"type":"Feature","id":9,"geometry":{"type":"Polygon","coordinates":[[[176.16563250448888,-38.176933013958013],[176.16584092568405,-38.17679640069727],[176.16606292092291,-38.176653963765311],[176.16610959674705,-38.176591445827292],[176.16620015531075,-38.176470150288559],[176.16629736991945,-38.176320164927276],[176.16647291008516,-38.176222643124184],[176.16664272570623,-38.176152564926134],[176.16677919084148,-38.176110676110298],[176.166958509772,-38.176100377459854],[176.16708972308186,-38.176096835132306],[176.16756405479154,-38.175760874718925],[176.16765948292309,-38.175683028458096],[176.1677386295876,-38.175435288228321],[176.1678480529205,-38.175088488777973],[176.16800812263128,-38.174953178333197],[176.16816199578051,-38.17483440772024],[176.16857149000904,-38.174392177643689],[176.16869490137813,-38.174208735620681],[176.16863663820527,-38.173981079851501],[176.16837952558132,-38.173791540986585],[176.16773206495338,-38.173535042155137],[176.16777799618782,-38.173369629822325],[176.16780092151822,-38.173183880230901],[176.16778603433556,-38.173044560628057],[176.16775516884772,-38.172842798876857],[176.16755587970249,-38.172847445693776],[176.16615529172054,-38.172880093360519],[176.16620038515759,-38.172644188835413],[176.1662576358122,-38.172369751085419],[176.16672596995375,-38.171210961036167],[176.16689948928786,-38.170747816886589],[176.16687741407435,-38.170557388224893],[176.16681201749782,-38.170324465093096],[176.16659924706113,-38.170040942067018],[176.16624884420003,-38.169772048955551],[176.16525294853747,-38.170352554357514],[176.16471852622786,-38.170733672077446],[176.16442857916661,-38.171022913409153],[176.16427889718699,-38.171308371780725],[176.16432048220909,-38.17152044774469],[176.16443592665118,-38.17219103788733],[176.16443287960988,-38.172370206407066],[176.16430293180557,-38.172612492986254],[176.1640211850407,-38.172841817066782],[176.16367543251906,-38.173089923108598],[176.16354837795154,-38.173182016838062],[176.16345547366387,-38.173249357084096],[176.16332625944668,-38.173508678480097],[176.16328520816415,-38.173808262046911],[176.16337132639634,-38.17430055758809],[176.16353896881117,-38.1744587145417],[176.1635586538649,-38.174477286254394],[176.16402665738264,-38.174965116826101],[176.16472260762706,-38.175721934951625],[176.16505534442697,-38.176199114045154],[176.16495308888923,-38.176537455224278],[176.16460161743564,-38.176917164965808],[176.16461519397939,-38.176956616481583],[176.16558178178116,-38.176949509409134],[176.16563250448888,-38.176933013958013]]]},"properties":{"OBJECTID":9,"comp_id":"C009","forest_name":"Rotorua Demo Forest","species":"Unknown","plant_year":null,"age_yr":null,"status":"Standing","area_ha":19.603940285556625,"source":"LINZ Rural Aerial","img_year":2024,"confidence":"Medium","last_edit":1786665600000,"edit_note":"Continuous standing forest with irregular canopy; forest type uncertain from aerial imagery.","forest_type":"Unknown","Shape_Length":2197.8432980693206,"Shape_Area":196039.40285556624,"image_period":"2015-2017","old_comp_id":"C009","new_comp_id":"C009","old_status":"Standing","new_status":"Standing","change_type":"No change","change_conf":"High","change_note":"Standing forest present in both periods; no clear harvesting, replanting or major boundary change detected."}},{"type":"Feature","id":10,"geometry":{"type":"Polygon","coordinates":[[[176.16863663820527,-38.173981079851501],[176.16952086311414,-38.173259959861539],[176.16997722128855,-38.173596372333222],[176.17052077555616,-38.173331303748718],[176.17081076486136,-38.17296578055835],[176.17126279294277,-38.172157712234608],[176.1716086464576,-38.171513470149947],[176.17208646133386,-38.170516916184177],[176.17244594028256,-38.169925957619505],[176.17114657472658,-38.16947821129866],[176.17059809822976,-38.169367845188169],[176.16985660137684,-38.168985485754114],[176.1689141785663,-38.168671144108608],[176.16804187616313,-38.168667876503669],[176.16754438899275,-38.168746701198252],[176.16747254237148,-38.168784965841887],[176.16668328441691,-38.169205315857468],[176.16636806337428,-38.169616527155746],[176.16624884420003,-38.169772048955551],[176.16659924706113,-38.170040942067018],[176.16681201749782,-38.170324465093096],[176.16687741407435,-38.170557388224893],[176.16689948928786,-38.170747816886589],[176.16672596995375,-38.171210961036167],[176.1662576358122,-38.172369751085419],[176.16620038515759,-38.172644188835413],[176.16615529172054,-38.172880093360519],[176.16755587970249,-38.172847445693776],[176.16775516884772,-38.172842798876857],[176.16778603433556,-38.173044560628057],[176.16780092151822,-38.173183880230901],[176.16777799618782,-38.173369629822325],[176.16773206495338,-38.173535042155137],[176.16837952558132,-38.173791540986585],[176.16863663820527,-38.173981079851501]]]},"properties":{"OBJECTID":10,"comp_id":"C010","forest_name":"Rotorua Demo Forest","species":"Unknown","plant_year":null,"age_yr":null,"status":"Standing","area_ha":21.296044760071432,"source":"LINZ Rural Aerial","img_year":2024,"confidence":"Medium","last_edit":1786665600000,"edit_note":"Dense standing forest with relatively uniform and continuous fine-textured canopy; forest type and species uncertain from aerial imagery.","forest_type":"Unknown","Shape_Length":1949.597956227467,"Shape_Area":212960.44760071431,"image_period":"2015-2017","old_comp_id":"C010","new_comp_id":"C010","old_status":"Standing","new_status":"Standing","change_type":"No change","change_conf":"High","change_note":"Standing forest present in both periods; no clear harvesting, replanting or major boundary change detected."}},{"type":"Feature","id":11,"geometry":{"type":"MultiPolygon","coordinates":[[[[176.14943825177093,-38.176619803875553],[176.14876864752461,-38.176546577400977],[176.14859365488206,-38.176593190421045],[176.14843192137593,-38.176639447334544],[176.14817797072246,-38.176702151457349],[176.1478673110999,-38.176783841442266],[176.14777518135946,-38.176905077165792],[176.14765452572595,-38.177080030022005],[176.15104136326437,-38.177055582057484],[176.15072441520908,-38.176883744174376],[176.15038549384766,-38.176790511386088],[176.14998036093903,-38.176664944135261],[176.14985013747466,-38.176651385051841],[176.1496454796912,-38.176665407349944],[176.14943825177093,-38.176619803875553]]],[[[176.16149259766965,-38.173086708976854],[176.1613500720357,-38.172976090250664],[176.16110214393871,-38.172942709976432],[176.16080964109037,-38.17294523785359],[176.16052148646227,-38.172917803414236],[176.1604190168627,-38.172953406708388],[176.16037564533917,-38.172968476571],[176.16017154165732,-38.173057806989554],[176.160048243955,-38.173071607956793],[176.15995146332776,-38.173084693643098],[176.159862190529,-38.173322659973451],[176.15971379931551,-38.173408524047971],[176.15948850080881,-38.173474628602079],[176.15931774244476,-38.173522890324264],[176.159235270312,-38.173694304616582],[176.15907518500472,-38.173829604624501],[176.15896728446907,-38.173892546814365],[176.15882344021531,-38.173923709469136],[176.15869333232962,-38.174112779674253],[176.15825575990624,-38.174386537828269],[176.15795418026184,-38.174607513681998],[176.15757883150161,-38.174721315866641],[176.15725425542382,-38.174730051615754],[176.15697583278171,-38.174796899131955],[176.15654298628397,-38.175030271760903],[176.15634569065955,-38.175214666816743],[176.15584171859629,-38.175552286273266],[176.15573766756503,-38.175598349245462],[176.15489826742808,-38.175969946022434],[176.15482002942093,-38.176159664079258],[176.15468673588862,-38.176325279584624],[176.15442996370345,-38.176383351232353],[176.15415982831456,-38.176382087266056],[176.15418912786629,-38.176560385247221],[176.15438065781157,-38.176742849416414],[176.15446795550807,-38.177013396147146],[176.15446782548267,-38.177030748103931],[176.15597492668468,-38.177019793446512],[176.15599877704699,-38.176938110669582],[176.15618197675326,-38.176677344511717],[176.15711733651645,-38.176072278253088],[176.15752823688348,-38.175830964975233],[176.15794502203457,-38.175725939741668],[176.15821441845762,-38.17571015925747],[176.15857982642507,-38.175666210119417],[176.15862479625855,-38.175638136977554],[176.15917942746123,-38.175291892584482],[176.15954347348034,-38.174966555946241],[176.15966485916772,-38.174775672817198],[176.15978882142309,-38.174644415359531],[176.16030834469271,-38.174417223340171],[176.16057110678531,-38.174248113699555],[176.16069322517689,-38.174074265449441],[176.16100956825747,-38.173895183886344],[176.16125627152354,-38.173854424975985],[176.16148102581502,-38.173805728783535],[176.16170762054648,-38.173799622098258],[176.16203095972895,-38.173782379142587],[176.16232155930516,-38.173757490464276],[176.16240188193987,-38.17386618821326],[176.16225071298896,-38.174117572043897],[176.16236893295564,-38.17435316683725],[176.16254489391386,-38.174425174187718],[176.16275580610298,-38.174555935041887],[176.16295703493333,-38.174712539571345],[176.16310773235807,-38.174699949059381],[176.16353896881117,-38.1744587145417],[176.16337132639634,-38.17430055758809],[176.16328520816415,-38.173808262046911],[176.16332625944668,-38.173508678480097],[176.16345547366387,-38.173249357084096],[176.16354837795154,-38.173182016838062],[176.16313231084504,-38.17311690857148],[176.16292955908509,-38.173122375149887],[176.16279939078314,-38.173168106947777],[176.16254553065744,-38.173127004684467],[176.16232804979413,-38.17312714453471],[176.16201841108241,-38.173175551778399],[176.16177016123632,-38.17326603970043],[176.16149259766965,-38.173086708976854]]]]},"properties":{"OBJECTID":11,"comp_id":"C011","forest_name":"Rotorua Demo Forest","species":"Unknown","plant_year":null,"age_yr":null,"status":"Standing","area_ha":11.882556669087437,"source":"LINZ Rural Aerial","img_year":2024,"confidence":"Medium","last_edit":1786665600000,"edit_note":"Standing forest with irregular canopy structure; forest type uncertain from aerial imagery.","forest_type":"Unknown","Shape_Length":2889.7839273674167,"Shape_Area":118825.56669087437,"image_period":"2015-2017","old_comp_id":"C011","new_comp_id":"C011","old_status":"Standing","new_status":"Standing","change_type":"No change","change_conf":"High","change_note":"Standing forest present in both periods; no clear harvesting, replanting or major boundary change detected."}},{"type":"Feature","id":12,"geometry":{"type":"Polygon","coordinates":[[[176.13770139853929,-38.177151311464698],[176.13777081237015,-38.177068280955986],[176.13795766153834,-38.176844777847656],[176.13699435732272,-38.176307182184047],[176.13669479941197,-38.176190000809598],[176.13627461071911,-38.176165465733725],[176.13591674375098,-38.17627339725491],[176.13538511358456,-38.17655587333482],[176.13459956620659,-38.176728883432915],[176.13412662718704,-38.176795172262736],[176.13337212731676,-38.177164073583491],[176.13327573358779,-38.177182735397338],[176.13770139853929,-38.177151311464698]]]},"properties":{"OBJECTID":12,"comp_id":"C012","forest_name":"Rotorua Demo Forest","species":"Unknown","plant_year":null,"age_yr":null,"status":"Regenerating","area_ha":2.6292484296765894,"source":"LINZ Rural Aerial","img_year":2024,"confidence":"High","last_edit":1786665600000,"edit_note":"Regular planting pattern with relatively open canopy; interpreted as regenerating plantation.","forest_type":"Plantation","Shape_Length":888.34112383161425,"Shape_Area":26292.484296765895,"image_period":"2015-2017","old_comp_id":"C012","new_comp_id":"C012","old_status":"Harvested","new_status":"Recently planted","change_type":"Replanted","change_conf":"High","change_note":"Harvested area visible in 2015–2017; subsequently replanted and developed into a young plantation by 2024–2025."}},{"type":"Feature","id":13,"geometry":{"type":"Polygon","coordinates":[[[176.13200149985062,-38.176219964153042],[176.13248039021528,-38.176010694106594],[176.13299718756434,-38.17598903471324],[176.13328558833948,-38.175981332315175],[176.13374540799097,-38.176024065456744],[176.13422915677745,-38.176160469906442],[176.13456272330677,-38.176277307558443],[176.13499356549823,-38.176108607538737],[176.1358068660189,-38.175803934504842],[176.13666193391077,-38.175333682178909],[176.13699351961623,-38.175151319895271],[176.13728882917945,-38.17507268821894],[176.13764987111043,-38.175133767225567],[176.13786966567525,-38.175151466123502],[176.1381294107147,-38.174940174875871],[176.13853529139212,-38.174654239774085],[176.13889852357983,-38.174534490575695],[176.13949671770783,-38.174322000117073],[176.13970959917697,-38.174410614391924],[176.14020093013679,-38.174491776178535],[176.14060545086852,-38.174174433019935],[176.14102429668608,-38.173958876182716],[176.14148966571003,-38.173899259250753],[176.141996835024,-38.173885677116957],[176.14271874755414,-38.173627612657995],[176.14310164723122,-38.173126145654152],[176.14343240996874,-38.172859398249123],[176.1437839833354,-38.172714894976316],[176.14450386187639,-38.172564468180198],[176.1450511966261,-38.172549796383812],[176.14563909348922,-38.172589364777238],[176.14694594613579,-38.171827484086698],[176.14749716827447,-38.170987465408921],[176.14768774298506,-38.170557947475423],[176.14769951998346,-38.170369007090876],[176.14722404401101,-38.17019313888899],[176.14676695993185,-38.170213259655341],[176.14619046276161,-38.170373681649551],[176.14526797241123,-38.170544252115292],[176.14494807544085,-38.170513531673372],[176.1445495891322,-38.170629892610805],[176.14390969179698,-38.170674971523717],[176.14383973068504,-38.170665354825189],[176.14360515828582,-38.170633110899097],[176.14347906056287,-38.170615777045924],[176.14362318361569,-38.170957726985399],[176.14348129128197,-38.171362355758653],[176.14311455034928,-38.171631540186929],[176.14265864667584,-38.171910971804166],[176.14212338317412,-38.172036477942882],[176.14171058574257,-38.172321472447507],[176.14143434485862,-38.172611806695222],[176.14091673747436,-38.172845727789799],[176.14031651959482,-38.172957560524303],[176.13972701239669,-38.173065741247335],[176.13927263671047,-38.173142750528619],[176.13900541458685,-38.173205486209554],[176.13877445181899,-38.17315608040159],[176.13847256143899,-38.173094675497353],[176.13796801615277,-38.173233239013747],[176.13768459959178,-38.173328829760997],[176.13747141117403,-38.173556873014363],[176.13729309510057,-38.173640387629725],[176.13722961575672,-38.173665245701464],[176.13708447957893,-38.173701551692275],[176.13696318376296,-38.173746483514542],[176.13686622167066,-38.173948257311523],[176.13678247351095,-38.174047771285622],[176.1365854748376,-38.17424295520609],[176.13642980572101,-38.174307334273806],[176.13615711170203,-38.174379474228573],[176.13604793468622,-38.174433345543989],[176.13586444052683,-38.174669856578646],[176.13582857248838,-38.17479125055506],[176.13575068376534,-38.174890606296216],[176.13559093790579,-38.174996783436477],[176.13553391394331,-38.175035364203261],[176.13534913367081,-38.175105152579363],[176.13528565349387,-38.175130009646296],[176.13508110680186,-38.175149372189857],[176.13501057526105,-38.175146624384787],[176.13494332400924,-38.175083572611442],[176.13486494663667,-38.175034713337972],[176.13477524249186,-38.174995421061524],[176.13452918235532,-38.174867664391563],[176.13439904548855,-38.17484334916341],[176.13426910818885,-38.174823660201554],[176.13404091970912,-38.174839020799951],[176.13392429175076,-38.174856032557642],[176.1338214785377,-38.174784664811767],[176.13372650955074,-38.17475940939088],[176.1336387906949,-38.174766384248763],[176.13356964667062,-38.174796024324714],[176.13350050254971,-38.174825663462258],[176.13339658857282,-38.174865496532227],[176.13327797734794,-38.174836239563312],[176.13301243970164,-38.174801641976039],[176.13274888609558,-38.174813311863538],[176.13246576550952,-38.174779183458227],[176.13196142141774,-38.174649053119396],[176.13183029565545,-38.174601599975531],[176.1316142248007,-38.17462589674377],[176.13151070630462,-38.174674981089588],[176.13145098945955,-38.174787746043847],[176.1313690175302,-38.174928897287181],[176.13136771505268,-38.175035471248918],[176.13112451663443,-38.175111444044497],[176.13092483948046,-38.175107508831573],[176.1306170020456,-38.174907279159221],[176.13054547892855,-38.174881394573639],[176.13037827817018,-38.174950706064294],[176.13017919572357,-38.174960649848408],[176.12998221128049,-38.174882527787297],[176.12991240552327,-38.174996608964598],[176.1299635604953,-38.175094137991486],[176.13030770169595,-38.175268322059971],[176.13056917662084,-38.175401444193682],[176.1308903045053,-38.175604528412094],[176.1309839285606,-38.175707659885063],[176.13135154287895,-38.175959408033492],[176.13155078731603,-38.175999359304384],[176.13175067652807,-38.176054382908383],[176.13200149985062,-38.176219964153042]]]},"properties":{"OBJECTID":13,"comp_id":"C013","forest_name":"Rotorua Demo Forest","species":"Unknown","plant_year":null,"age_yr":null,"status":"Standing","area_ha":24.049823808734629,"source":"LINZ Rural Aerial","img_year":2024,"confidence":"Medium","last_edit":1786665600000,"edit_note":"Standing forest with darker, denser and more irregular canopy; forest type uncertain from aerial imagery.","forest_type":"Unknown","Shape_Length":3808.131786020645,"Shape_Area":240498.23808734631,"image_period":"2015-2017","old_comp_id":"C013","new_comp_id":"C013","old_status":"Standing","new_status":"Standing","change_type":"No change","change_conf":"High","change_note":"Established forest retained; no significant forest cover or boundary change visible."}},{"type":"Feature","id":14,"geometry":{"type":"Polygon","coordinates":[[[176.16754076679953,-38.167453029421161],[176.16737001269297,-38.167348187469209],[176.16711460906592,-38.166891352530619],[176.16714644379934,-38.166785426833769],[176.16719699169235,-38.166617226847777],[176.16740940536911,-38.166475341921249],[176.1674710903032,-38.166300111153632],[176.16760056116519,-38.165932316558141],[176.16753574237214,-38.165657208841793],[176.16732580191496,-38.165408130677093],[176.16683977909312,-38.164988988576781],[176.16672114225901,-38.16500790947844],[176.16651913558857,-38.165170548218207],[176.16610084616718,-38.165166118428466],[176.16588320593689,-38.164967649156488],[176.1655948576074,-38.164975429722695],[176.16523511799389,-38.165173759429422],[176.16487741595776,-38.165419189036761],[176.16452242909219,-38.165727418041669],[176.16420381430871,-38.165956072700226],[176.16393312319215,-38.166372057917556],[176.16357497624605,-38.166837556781942],[176.16425041428209,-38.167723163285586],[176.16624884420003,-38.169772048955551],[176.16636806337428,-38.169616527155746],[176.16668328441691,-38.169205315857468],[176.16747254237148,-38.168784965841887],[176.16754438899275,-38.168746701198252],[176.16754076679953,-38.167453029421161]]]},"properties":{"OBJECTID":14,"comp_id":"C014","forest_name":"Rotorua Demo Forest","species":"Unknown","plant_year":null,"age_yr":null,"status":"Standing","area_ha":11.972772653961387,"source":"LINZ Rural Aerial","img_year":2024,"confidence":"Medium","last_edit":1786665600000,"edit_note":"Standing forest with darker and denser irregular canopy; forest type uncertain.","forest_type":"Unknown","Shape_Length":1433.9678743486486,"Shape_Area":119727.72653961387,"image_period":"2015-2017","old_comp_id":"C014","new_comp_id":"C014","old_status":"Standing","new_status":"Standing","change_type":"No change","change_conf":"High","change_note":"Established forest retained; no significant forest cover or boundary change visible."}},{"type":"Feature","id":15,"geometry":{"type":"Polygon","coordinates":[[[176.13586935665757,-38.168018124673502],[176.13598190669779,-38.167841654195051],[176.13627765009045,-38.167701761490534],[176.13632453032886,-38.167558863868642],[176.13633765051711,-38.167484470961597],[176.1363921890962,-38.167425067959741],[176.13645252848607,-38.167310782996772],[176.13633027652185,-38.167217474619179],[176.1361553526819,-38.16713201313086],[176.13593403611125,-38.167105737356579],[176.13597394335991,-38.166812125531358],[176.1361215209017,-38.166390691093753],[176.13594150933952,-38.166204363235813],[176.13559938676954,-38.165951947373614],[176.13566433548795,-38.165683621608231],[176.1358809363071,-38.165386092677302],[176.13604036186956,-38.165240991487799],[176.13637624797246,-38.165050933282693],[176.13644347725796,-38.164650194031026],[176.13618124933842,-38.164570751172953],[176.13569925867881,-38.164473602840857],[176.13539321904116,-38.164301015682454],[176.13538581467833,-38.164128307239118],[176.13525639943404,-38.163895985181206],[176.13509360622962,-38.163813881713097],[176.13485295035358,-38.163773155809494],[176.13460993942604,-38.163677477117673],[176.13443129845774,-38.16369010867335],[176.13411264476576,-38.163924384174152],[176.13380334477171,-38.163903368094168],[176.13365419579438,-38.163907351802038],[176.13343877291774,-38.16407359851965],[176.13329966758531,-38.16418094818976],[176.13237997334869,-38.163674158972285],[176.13233938501497,-38.163423742302662],[176.13214527871736,-38.16307525245572],[176.13184126991032,-38.162949757840359],[176.13146410368475,-38.162975543800016],[176.13137595318068,-38.163074377715439],[176.13144147355681,-38.163376976034165],[176.13116334535269,-38.163855962094949],[176.13066701098816,-38.16437499080471],[176.13039764942042,-38.164656665078894],[176.13021016458563,-38.164852719694942],[176.12998340434513,-38.165089842655817],[176.12953715562517,-38.165400492687439],[176.12934624259478,-38.165605466669781],[176.12905455827376,-38.165918631259025],[176.12862142681598,-38.166383652656194],[176.12812294391662,-38.16678216121165],[176.12735425984985,-38.166731919559197],[176.12707529352789,-38.166959418221623],[176.12664716880403,-38.167190891384365],[176.12645169652924,-38.167496247546893],[176.1262224539683,-38.167854353525925],[176.12609996338122,-38.16804569950606],[176.12596706235342,-38.168253306402953],[176.12575977183445,-38.16832270990939],[176.12566068154075,-38.168491514723513],[176.12548109607872,-38.168797444335304],[176.12528673469836,-38.168901188068304],[176.1253446299489,-38.169324052935153],[176.12500497668094,-38.169529584871626],[176.12459738953876,-38.169776222555257],[176.12461727776159,-38.169775692872271],[176.12396118080358,-38.171386561558201],[176.12409136205943,-38.171421724847683],[176.12416456772132,-38.171438375437923],[176.12441925619331,-38.171352756650329],[176.12483894146013,-38.170925416417198],[176.12534876243569,-38.170412434432677],[176.12585900030024,-38.170123808627594],[176.1263274652357,-38.169930383946635],[176.12672340292679,-38.169970496144252],[176.12720979651169,-38.170196376125261],[176.127457669412,-38.170204244202012],[176.12757510105064,-38.170591948685797],[176.12780570743621,-38.170839120171451],[176.12793948069202,-38.170965832831683],[176.12806954284864,-38.171005790577532],[176.12832719422346,-38.171027871507917],[176.12852167045159,-38.17107334930602],[176.13089118544181,-38.169957046987228],[176.13215044330843,-38.169295504335643],[176.13246022443067,-38.169265474020641],[176.13270933823864,-38.169289907672102],[176.13286079021236,-38.169332491804191],[176.13300610541441,-38.169415651421644],[176.1333103409228,-38.169531869279524],[176.13346779734468,-38.169530772195387],[176.13368479732495,-38.169357113428589],[176.13386200625038,-38.16908193580651],[176.13398631403109,-38.168941207027295],[176.13482840812227,-38.168402639246217],[176.13502485221261,-38.168275961924209],[176.13546834714401,-38.168081967478216],[176.13586935665757,-38.168018124673502]]]},"properties":{"OBJECTID":15,"comp_id":"C015","forest_name":"Rotorua Demo Forest","species":"Unknown","plant_year":null,"age_yr":null,"status":"Standing","area_ha":49.001779230103274,"source":"LINZ Rural Aerial","img_year":2024,"confidence":"High","last_edit":1786665600000,"edit_note":"Standing plantation with clear regular planting pattern and relatively dense canopy; species and age uncertain from aerial imagery.","forest_type":"Plantation","Shape_Length":3584.9716121800243,"Shape_Area":490017.79230103275,"image_period":"2015-2017","old_comp_id":"C015","new_comp_id":"C015","old_status":"Harvested","new_status":"Standing","change_type":"Replanted","change_conf":"High","change_note":"Clear-cut in 2015–2017; subsequently replanted and developed into established plantation forest by 2024–2025."}},{"type":"Feature","id":16,"geometry":{"type":"Polygon","coordinates":[[[176.16487741595776,-38.165419189036761],[176.16499108385773,-38.164911652008001],[176.16533846494471,-38.164312831410832],[176.16474573194705,-38.163555169750673],[176.16450140637065,-38.16366000184064],[176.16379843462255,-38.163949124633703],[176.16317753050981,-38.163978146324041],[176.1627340389858,-38.163793619729368],[176.16244622348441,-38.1634339675959],[176.16222056690884,-38.163151984947483],[176.16192368133815,-38.163397934953736],[176.16186297138989,-38.163792537645648],[176.16187342131994,-38.164393986053838],[176.16114853211741,-38.164536321065391],[176.16063743430186,-38.164586932081882],[176.16063429652155,-38.165593992225695],[176.16016559467539,-38.166625875187819],[176.15973133330266,-38.168455040766844],[176.15937882966713,-38.169176785788309],[176.16062304650228,-38.17081010410952],[176.16153819612015,-38.171815889708043],[176.16184583754742,-38.172279158108772],[176.16192017273224,-38.17236098680884],[176.16204814660719,-38.172455342355832],[176.1622036940812,-38.172573405945244],[176.16218888333421,-38.172640172673319],[176.16204760591967,-38.172647473600314],[176.16184646083923,-38.172600500091633],[176.1615927312869,-38.172565421266881],[176.16126733932151,-38.172612613132621],[176.16091909517709,-38.172642955161749],[176.16085109609756,-38.172707661890371],[176.16065900031663,-38.172870023905659],[176.16052148646227,-38.172917803414236],[176.16080964109037,-38.17294523785359],[176.16110214393871,-38.172942709976432],[176.1613500720357,-38.172976090250664],[176.16149259766965,-38.173086708976854],[176.16177016123632,-38.17326603970043],[176.16201841108241,-38.173175551778399],[176.16232804979413,-38.17312714453471],[176.16254553065744,-38.173127004684467],[176.16279939078314,-38.173168106947777],[176.16292955908509,-38.173122375149887],[176.16313231084504,-38.17311690857148],[176.16354837795154,-38.173182016838062],[176.16367543251906,-38.173089923108598],[176.1640211850407,-38.172841817066782],[176.16430293180557,-38.172612492986254],[176.16443287960988,-38.172370206407066],[176.16443592665118,-38.17219103788733],[176.16432048220909,-38.17152044774469],[176.16427889718699,-38.171308371780725],[176.16442857916661,-38.171022913409153],[176.16471852622786,-38.170733672077446],[176.16525294853747,-38.170352554357514],[176.16624884420003,-38.169772048955551],[176.16425041428209,-38.167723163285586],[176.16357497624605,-38.166837556781942],[176.16393312319215,-38.166372057917556],[176.16420381430871,-38.165956072700226],[176.16452242909219,-38.165727418041669],[176.16487741595776,-38.165419189036761]]]},"properties":{"OBJECTID":16,"comp_id":"C016","forest_name":"Rotorua Demo Forest","species":"Unknown","plant_year":null,"age_yr":null,"status":"Standing","area_ha":38.122140449642998,"source":"LINZ Rural Aerial","img_year":2024,"confidence":"Medium","last_edit":1786665600000,"edit_note":"Standing forest with relatively lighter and finer canopy texture; forest type uncertain.","forest_type":"Unknown","Shape_Length":3280.1827827437105,"Shape_Area":381221.40449642995,"image_period":"2015-2017","old_comp_id":"C016","new_comp_id":"C016","old_status":"Standing","new_status":"Standing","change_type":"No change","change_conf":"High","change_note":"Established forest retained; no significant forest cover or boundary change visible."}},{"type":"Feature","id":17,"geometry":{"type":"Polygon","coordinates":[[[176.16222056690884,-38.163151984947483],[176.16041574303344,-38.160896562741492],[176.15976444428316,-38.16126662949123],[176.15869948490433,-38.161244413223109],[176.15831770265544,-38.16146901176716],[176.15782093026945,-38.16228501805768],[176.15720453708656,-38.162636970348011],[176.15604695687477,-38.162850822632464],[176.15526887742431,-38.163307263485549],[176.15370773945861,-38.164223033407829],[176.15302408599626,-38.164889258530046],[176.15320888773232,-38.165229673357743],[176.15313244440725,-38.165711424031699],[176.15273018807673,-38.166528123694775],[176.15186171897139,-38.167242220433003],[176.15036179993999,-38.16800272491917],[176.14962165121676,-38.168377989416314],[176.14900109308695,-38.168692614447558],[176.14866531038629,-38.169208459532882],[176.14781356331622,-38.169626370944059],[176.14734399821867,-38.169741938334241],[176.1468503276057,-38.169605853840054],[176.14662615812651,-38.169486116861975],[176.14624964243276,-38.169527652196201],[176.14568355600562,-38.170022252180978],[176.14520894802772,-38.170097851752743],[176.1449082656469,-38.170050897330512],[176.14457050868859,-38.17006780981329],[176.14434953347796,-38.170191107086701],[176.14378748016702,-38.170379590925144],[176.14347906056287,-38.170615777045924],[176.14360515828582,-38.170633110899097],[176.14383973068504,-38.170665354825189],[176.14390969179698,-38.170674971523717],[176.1445495891322,-38.170629892610805],[176.14494807544085,-38.170513531673372],[176.14526797241123,-38.170544252115292],[176.14619046276161,-38.170373681649551],[176.14676695993185,-38.170213259655341],[176.14722404401101,-38.17019313888899],[176.14769951998346,-38.170369007090876],[176.14768774298506,-38.170557947475423],[176.14749716827447,-38.170987465408921],[176.14694594613579,-38.171827484086698],[176.14563909348922,-38.172589364777238],[176.1450511966261,-38.172549796383812],[176.14450386187639,-38.172564468180198],[176.1437839833354,-38.172714894976316],[176.14343240996874,-38.172859398249123],[176.14310164723122,-38.173126145654152],[176.14271874755414,-38.173627612657995],[176.141996835024,-38.173885677116957],[176.14148966571003,-38.173899259250753],[176.14102429668608,-38.173958876182716],[176.14060545086852,-38.174174433019935],[176.14020093013679,-38.174491776178535],[176.13970959917697,-38.174410614391924],[176.13949671770783,-38.174322000117073],[176.13889852357983,-38.174534490575695],[176.13853529139212,-38.174654239774085],[176.1381294107147,-38.174940174875871],[176.13786966567525,-38.175151466123502],[176.13764987111043,-38.175133767225567],[176.13728882917945,-38.17507268821894],[176.13699351961623,-38.175151319895271],[176.13666193391077,-38.175333682178909],[176.1358068660189,-38.175803934504842],[176.13499356549823,-38.176108607538737],[176.13456272330677,-38.176277307558443],[176.13422915677745,-38.176160469906442],[176.13374540799097,-38.176024065456744],[176.13328558833948,-38.175981332315175],[176.13299718756434,-38.17598903471324],[176.13248039021528,-38.176010694106594],[176.13200149985062,-38.176219964153042],[176.13196876989716,-38.176385570808264],[176.13164749282637,-38.176616001134164],[176.13121111523503,-38.176697535396208],[176.13105334956853,-38.176820532801166],[176.13077751399314,-38.177035577049075],[176.13056416384723,-38.177201905994998],[176.13327573358779,-38.177182735397338],[176.13337212731676,-38.177164073583491],[176.13412662718704,-38.176795172262736],[176.13459956620659,-38.176728883432915],[176.13538511358456,-38.17655587333482],[176.13591674375098,-38.17627339725491],[176.13627461071911,-38.176165465733725],[176.13669479941197,-38.176190000809598],[176.13699435732272,-38.176307182184047],[176.13795766153834,-38.176844777847656],[176.13777081237015,-38.177068280955986],[176.13770139853929,-38.177151311464698],[176.14248325479471,-38.177117170609094],[176.14250417585009,-38.17708001309002],[176.14277337606609,-38.176587050593987],[176.1430023259885,-38.176444469464457],[176.14315835356442,-38.176374794376102],[176.14329483562179,-38.176332932270647],[176.14345344248741,-38.176323224543111],[176.14359847031318,-38.176319338370831],[176.14391146354779,-38.176201793769032],[176.14413759509847,-38.175993791254172],[176.14418487174544,-38.175806956631817],[176.14452815148573,-38.175443198827971],[176.14501185619719,-38.174930631421311],[176.14525234400014,-38.17474509701605],[176.14564646331559,-38.1746151390779],[176.14603858893017,-38.174689903420344],[176.14622202803895,-38.174684983964141],[176.1465514014395,-38.174556758491498],[176.14679408388474,-38.174422330103994],[176.14702230773432,-38.174203010634088],[176.14747896336289,-38.174020201069311],[176.14795793075174,-38.173853846746468],[176.14883100317633,-38.173557522385593],[176.1491457575209,-38.173591713382457],[176.1493302941129,-38.173612342714499],[176.14948481033801,-38.173437635999171],[176.14978400386832,-38.1733613806542],[176.15002175754202,-38.173363524393615],[176.15016878526552,-38.173265769789872],[176.15026222705947,-38.173177981344807],[176.15039134315327,-38.173165985844825],[176.15090032152196,-38.173194956288981],[176.15121617748073,-38.173254696103896],[176.15162841047845,-38.173294789393104],[176.15184201284626,-38.173237883841495],[176.15200056178838,-38.173156873118337],[176.15220484286763,-38.173134327799936],[176.15247937414625,-38.173237814184787],[176.15275500817751,-38.1733668542307],[176.15295781896111,-38.173310235767204],[176.15395488132251,-38.172664627671153],[176.15432255499869,-38.172188371662173],[176.1547575070534,-38.171957082331652],[176.15491163899384,-38.171773850740031],[176.15516324732104,-38.1715965257101],[176.15546242646516,-38.171520255537004],[176.15571734143859,-38.171419592239801],[176.15604888928107,-38.171342449895164],[176.15626064342797,-38.171242945633793],[176.15646160664431,-38.17114373223302],[176.15664589597259,-38.170908520061936],[176.15690841078066,-38.170483587709903],[176.15713928995459,-38.170076562706747],[176.15708558851085,-38.169583389203851],[176.15753483139594,-38.169230182272443],[176.15778360382853,-38.168737395282484],[176.15794213616232,-38.168656376282804],[176.15805088856624,-38.168423195246724],[176.15813058156471,-38.168267547284202],[176.15849779236012,-38.168266190048449],[176.15873062595531,-38.168404895877387],[176.15937882966713,-38.169176785788309],[176.15973133330266,-38.168455040766844],[176.16016559467539,-38.166625875187819],[176.16063429652155,-38.165593992225695],[176.16063743430186,-38.164586932081882],[176.16114853211741,-38.164536321065391],[176.16187342131994,-38.164393986053838],[176.16186297138989,-38.163792537645648],[176.16192368133815,-38.163397934953736],[176.16222056690884,-38.163151984947483]]]},"properties":{"OBJECTID":17,"comp_id":"C017","forest_name":"Rotorua Demo Forest","species":"Unknown","plant_year":null,"age_yr":null,"status":"Standing","area_ha":122.12055372385285,"source":"LINZ Rural Aerial","img_year":2024,"confidence":"Medium","last_edit":1786665600000,"edit_note":"Standing forest with relatively lighter and finer-textured canopy; forest type uncertain from aerial imagery.","forest_type":"Unknown","Shape_Length":8538.7625958646586,"Shape_Area":1221205.5372385285,"image_period":"2015-2017","old_comp_id":"C017","new_comp_id":"C017","old_status":"Standing","new_status":"Standing","change_type":"No change","change_conf":"High","change_note":"Established forest retained; no significant forest cover or boundary change visible."}},{"type":"Feature","id":18,"geometry":{"type":"Polygon","coordinates":[[[176.15302408599626,-38.164889258530046],[176.15269146695744,-38.164880240435942],[176.15239021021645,-38.164838034986396],[176.15180635649128,-38.164743061472151],[176.15147782948139,-38.164807216936502],[176.15133622874706,-38.164921680182211],[176.15108224623378,-38.165089461146152],[176.15057341301502,-38.165404924991364],[176.14993795100315,-38.165738876383173],[176.14888153603724,-38.165470465882116],[176.14827265735022,-38.165386206301172],[176.14806555864209,-38.165311284221417],[176.14749773811602,-38.164848669806339],[176.14701601678107,-38.164610093629911],[176.14648601020733,-38.164729937929316],[176.146425520435,-38.164952879901477],[176.14621208646335,-38.165174892515012],[176.14595991660653,-38.165236984939803],[176.14547826504941,-38.165888707726587],[176.14522772239707,-38.16613686327441],[176.14505191329496,-38.16619690667639],[176.14451291642047,-38.165959854704226],[176.14433787225033,-38.166185865935653],[176.14419118955439,-38.166330636673607],[176.14390740970882,-38.166398600942721],[176.14366289307856,-38.166490663156537],[176.14328852131649,-38.166822612800978],[176.14308391295825,-38.166953844254756],[176.14261957736909,-38.167268082119065],[176.1418140769569,-38.167679178678988],[176.14136398760817,-38.167832875212504],[176.14083830666982,-38.168030443388773],[176.14038993896048,-38.168319296277616],[176.13965259437447,-38.168525744701867],[176.13935878640035,-38.168710662800102],[176.13926614372826,-38.168642318720586],[176.13915479346036,-38.168482527690223],[176.13892601392894,-38.16834780914855],[176.13857362084838,-38.168301907327731],[176.13836727441071,-38.168392937536836],[176.1381575821483,-38.168554476327174],[176.13809344430013,-38.168752097267969],[176.13800879498402,-38.169012920121432],[176.13781161607938,-38.169620462975757],[176.13771943170752,-38.169783950262229],[176.13728047869134,-38.170338027597261],[176.13742580670578,-38.170306348074362],[176.13779891057033,-38.170250048679371],[176.1386993820322,-38.170313971724546],[176.13948045406403,-38.170330129362739],[176.13948720864204,-38.170487440424893],[176.13952813530815,-38.170620676514332],[176.13969621047565,-38.170708820623055],[176.13987074361899,-38.17081068866802],[176.13990720057723,-38.170976469116987],[176.13930869899033,-38.17220609923605],[176.13935916205514,-38.172288126512093],[176.13954323524288,-38.172338786037713],[176.13971499053005,-38.172375878808353],[176.1399084006199,-38.172370702489552],[176.14019201011271,-38.172279733029654],[176.14029621657531,-38.172383482738134],[176.14032055596417,-38.172540322976531],[176.14025876992713,-38.172741157840662],[176.14007976429676,-38.172945129313298],[176.13972701239669,-38.173065741247335],[176.14031651959482,-38.172957560524303],[176.14091673747436,-38.172845727789799],[176.14143434485862,-38.172611806695222],[176.14171058574257,-38.172321472447507],[176.14212338317412,-38.172036477942882],[176.14265864667584,-38.171910971804166],[176.14311455034928,-38.171631540186929],[176.14348129128197,-38.171362355758653],[176.14362318361569,-38.170957726985399],[176.14347906056287,-38.170615777045924],[176.14378748016702,-38.170379590925144],[176.14434953347796,-38.170191107086701],[176.14457050868859,-38.17006780981329],[176.1449082656469,-38.170050897330512],[176.14520894802772,-38.170097851752743],[176.14568355600562,-38.170022252180978],[176.14624964243276,-38.169527652196201],[176.14662615812651,-38.169486116861975],[176.1468503276057,-38.169605853840054],[176.14734399821867,-38.169741938334241],[176.14781356331622,-38.169626370944059],[176.14866531038629,-38.169208459532882],[176.14900109308695,-38.168692614447558],[176.14962165121676,-38.168377989416314],[176.15036179993999,-38.16800272491917],[176.15186171897139,-38.167242220433003],[176.15273018807673,-38.166528123694775],[176.15313244440725,-38.165711424031699],[176.15320888773232,-38.165229673357743],[176.15302408599626,-38.164889258530046]]]},"properties":{"OBJECTID":18,"comp_id":"C018","forest_name":"Rotorua Demo Forest","species":"Unknown","plant_year":null,"age_yr":null,"status":"Regenerating","area_ha":52.896636088387901,"source":"LINZ Rural Aerial","img_year":2024,"confidence":"High","last_edit":1786665600000,"edit_note":"Regenerating plantation with clear regular planting pattern and relatively uniform young vegetation.","forest_type":"Plantation","Shape_Length":4120.5858334288687,"Shape_Area":528966.36088387901,"image_period":"2015-2017","old_comp_id":"C018","new_comp_id":"C018","old_status":"Standing","new_status":"Harvested","change_type":"Harvested","change_conf":"High","change_note":"Established plantation in 2015–2017; harvested by 2024–2025, with extensive canopy removal and visible harvesting patterns."}},{"type":"Feature","id":19,"geometry":{"type":"Polygon","coordinates":[[[176.15872760666028,-38.158786600345074],[176.15824314666793,-38.158170895451789],[176.15803151755847,-38.158288978580572],[176.15791313049894,-38.158596322986376],[176.15785946363937,-38.158967156078127],[176.1577430908869,-38.159268943166921],[176.15744673835945,-38.159551995272217],[176.15681776112294,-38.159969747083856],[176.15673863457559,-38.160006209021553],[176.15656830077913,-38.159724959758606],[176.1563274301084,-38.159448503410893],[176.15605796835183,-38.15943217356395],[176.15580492489551,-38.159572244249311],[176.15540534916056,-38.159793425278217],[176.1551896304729,-38.159912833255795],[176.1550427862631,-38.159994115148649],[176.1548360722374,-38.160108536901433],[176.15485004229552,-38.160274172001436],[176.15476955955879,-38.160317053153214],[176.15463232128263,-38.160390173216136],[176.15449078159858,-38.160465584539679],[176.15164372928143,-38.161982400423341],[176.15125916665068,-38.161950402003285],[176.15105260089581,-38.162238886614901],[176.15080592384291,-38.162520588277509],[176.15047657291097,-38.162689039551573],[176.15001137056686,-38.162793422717662],[176.1496592489701,-38.162986855331212],[176.14918833483759,-38.163098453783135],[176.14896857543405,-38.163080773721198],[176.14874239452038,-38.162913938282962],[176.14851790441571,-38.162786354243003],[176.14790839432408,-38.163195677092411],[176.14721764375042,-38.163567878904395],[176.14664151545227,-38.164290674200046],[176.14653773669463,-38.164583826240914],[176.14648601020733,-38.164729937929316],[176.14701601678107,-38.164610093629911],[176.14749773811602,-38.164848669806339],[176.14806555864209,-38.165311284221417],[176.14827265735022,-38.165386206301172],[176.14888153603724,-38.165470465882116],[176.14993795100315,-38.165738876383173],[176.15057341301502,-38.165404924991364],[176.15108224623378,-38.165089461146152],[176.15133622874706,-38.164921680182211],[176.15147782948139,-38.164807216936502],[176.15180635649128,-38.164743061472151],[176.15239021021645,-38.164838034986396],[176.15269146695744,-38.164880240435942],[176.15302408599626,-38.164889258530046],[176.15370773945861,-38.164223033407829],[176.15526887742431,-38.163307263485549],[176.15604695687477,-38.162850822632464],[176.15720453708656,-38.162636970348011],[176.15782093026945,-38.16228501805768],[176.15831770265544,-38.16146901176716],[176.15829387957288,-38.160959593753674],[176.15849058174268,-38.16044344197195],[176.15877823043263,-38.159728358335038],[176.15863541842583,-38.159417829487602],[176.1584877517617,-38.159225321692347],[176.15855779901921,-38.159003374443834],[176.15872760666028,-38.158786600345074]]]},"properties":{"OBJECTID":19,"comp_id":"C019","forest_name":"Rotorua Demo Forest","species":"Unknown","plant_year":null,"age_yr":null,"status":"Standing","area_ha":33.017399429796136,"source":"LINZ Rural Aerial","img_year":2024,"confidence":"High","last_edit":1786665600000,"edit_note":"Standing plantation with regular planting pattern; internal forestry road crosses the stand. Species and age uncertain from aerial imagery.","forest_type":"Plantation","Shape_Length":3133.4875748874979,"Shape_Area":330173.99429796136,"image_period":"2015-2017","old_comp_id":"C019","new_comp_id":"C019","old_status":"Harvested","new_status":"Standing","change_type":"Replanted","change_conf":"High","change_note":"Clear-cut in 2015–2017; subsequently replanted, with established plantation forest visible by 2024–2025."}},{"type":"Feature","id":20,"geometry":{"type":"Polygon","coordinates":[[[176.16041574303344,-38.160896562741492],[176.16056383936396,-38.160364524387226],[176.16070487992678,-38.160029159790966],[176.16119564042572,-38.159868575230064],[176.16170405390986,-38.159756633896741],[176.16169716130966,-38.159597176975424],[176.16163942185614,-38.159340849211233],[176.16129182282222,-38.159215133223213],[176.16115588238654,-38.158948630598346],[176.16151758474163,-38.158681001086237],[176.16171052350737,-38.158467038405007],[176.16200568209919,-38.158459084293447],[176.16201893787797,-38.158765731697791],[176.1625695498943,-38.1589105340299],[176.16347587132262,-38.159008903183526],[176.16407695303829,-38.158882173298132],[176.16500879493682,-38.158132508592885],[176.16546633988412,-38.157923681527855],[176.16582310268356,-38.157901775995533],[176.16629126236734,-38.157938263932749],[176.16704077112962,-38.157647870940693],[176.16751317030767,-38.157574729741704],[176.16762947563822,-38.157627065937973],[176.16788943635893,-38.158334303100155],[176.16792353863855,-38.158680449437263],[176.16787432274708,-38.158867887558586],[176.16882259105506,-38.159581684692164],[176.16907341395896,-38.159489400403224],[176.16942560899489,-38.159384318261182],[176.16971085796135,-38.159351461809791],[176.17004565567885,-38.159432956102144],[176.17032744222439,-38.159766755737003],[176.17057163769212,-38.159956949465695],[176.17081334204346,-38.160242155159274],[176.17178427637066,-38.160889925786989],[176.17200698796711,-38.160883904806155],[176.1722220278383,-38.160847911274288],[176.17237692289601,-38.160894022426447],[176.17246043253931,-38.161056797821963],[176.17272328090587,-38.161241784113017],[176.17303769178989,-38.161293640476252],[176.17345129995124,-38.161282453827504],[176.17384036692926,-38.161146180610437],[176.17404646730461,-38.160904197795695],[176.17419042157263,-38.160844973218964],[176.17456525561451,-38.160891095105491],[176.17495736642707,-38.16107546978489],[176.17513189556794,-38.161157534712807],[176.17525120765137,-38.161213635953764],[176.17526127871207,-38.161298872966107],[176.17503900388925,-38.161314948182294],[176.17476713111512,-38.161362544618363],[176.1746038688475,-38.161417262427769],[176.17468084304357,-38.161576138041212],[176.17497434539575,-38.161880052804278],[176.17500918852215,-38.161984094082783],[176.17506950000057,-38.162164185081934],[176.17559140716529,-38.162026635412111],[176.17555169113825,-38.15869619112884],[176.17541608542876,-38.158517389416751],[176.17504436359695,-38.158263734579812],[176.17479914065021,-38.158154335228133],[176.17480123942281,-38.158048793276997],[176.17476837797372,-38.157907276060953],[176.17466816872826,-38.157832736814235],[176.17463644690218,-38.157779411053554],[176.17454279793674,-38.15778869564285],[176.17447757731338,-38.157763455634097],[176.17439085967865,-38.157735422296234],[176.1743002832448,-38.157815510098104],[176.17423988971319,-38.157901532874881],[176.17411595364865,-38.157936832089412],[176.17355026491529,-38.157180943043947],[176.17344942194583,-38.157122910585301],[176.17331781142806,-38.157045457139738],[176.17306859905588,-38.156819284375295],[176.17297960048433,-38.156541520758083],[176.17293908256744,-38.156377007273107],[176.17292003762475,-38.156231653501401],[176.17280969132779,-38.156184338220378],[176.17258743111486,-38.156200408141387],[176.17232873745291,-38.156257702143236],[176.1716242592299,-38.15617111796427],[176.17110038201869,-38.155989109815415],[176.17044939693557,-38.155705618068673],[176.17021876761339,-38.155489817448455],[176.17013854451253,-38.155255576424594],[176.17001884118557,-38.154992223306287],[176.16999849519235,-38.154816723591196],[176.16977491929509,-38.15492901221122],[176.16957464262339,-38.154737635395769],[176.16943220767084,-38.154749027447075],[176.16926557974662,-38.154808544089455],[176.16912189656929,-38.154938174252457],[176.16887845478425,-38.155062638770843],[176.16835094838959,-38.154833245662644],[176.16782616339785,-38.154666650369357],[176.1674075945279,-38.15465437290468],[176.16701239431674,-38.154492135455257],[176.16694042352643,-38.154439062284723],[176.16667070650789,-38.154472379936337],[176.16651913878417,-38.15436398027061],[176.16616574564904,-38.154247767615672],[176.16585823580991,-38.154271783857681],[176.16570154783153,-38.154331026359237],[176.1654896255373,-38.154493930599251],[176.16538740090277,-38.154661734892493],[176.16575684965494,-38.154918984664604],[176.1660872146501,-38.155193005622309],[176.16641792197024,-38.155474877040405],[176.16660086452495,-38.155792171932326],[176.16672483613758,-38.156126776777391],[176.16695137344854,-38.15630142741297],[176.16702020085589,-38.156511771050994],[176.16718368973955,-38.156609529720662],[176.16710925245485,-38.156729428504242],[176.16679518859715,-38.156832217570646],[176.16642631750562,-38.156818594529661],[176.16602490202581,-38.156742974760455],[176.16583736341568,-38.156779472436185],[176.16554046475281,-38.156818920364579],[176.16472731446672,-38.156705653217522],[176.16397908770733,-38.156389475383413],[176.16345871307942,-38.156324913428783],[176.16289528669421,-38.156202810856627],[176.16225858826445,-38.15594590166117],[176.16158926212586,-38.155675821562816],[176.16142398311604,-38.155766728183742],[176.16103063890057,-38.156799039133631],[176.16072256556754,-38.157271039151553],[176.16053288191446,-38.157488351429762],[176.16028049194722,-38.157636617015207],[176.15995884567133,-38.157794608009418],[176.15975277277164,-38.157863032553841],[176.15964951316107,-38.15800728146754],[176.15952772506566,-38.158183466604328],[176.15887629117779,-38.159002658920954],[176.15872760666028,-38.158786600345074],[176.15855779901921,-38.159003374443834],[176.1584877517617,-38.159225321692347],[176.15863541842583,-38.159417829487602],[176.15877823043263,-38.159728358335038],[176.15849058174268,-38.16044344197195],[176.15829387957288,-38.160959593753674],[176.15831770265544,-38.16146901176716],[176.15869948490433,-38.161244413223109],[176.15976444428316,-38.16126662949123],[176.16041574303344,-38.160896562741492]]]},"properties":{"OBJECTID":20,"comp_id":"C020","forest_name":"Rotorua Demo Forest","species":"Unknown","plant_year":null,"age_yr":null,"status":"Standing","area_ha":55.279403660481293,"source":"LINZ Rural Aerial","img_year":2024,"confidence":"Medium","last_edit":1786665600000,"edit_note":"Standing forest with continuous, irregular and heterogeneous canopy; forest type and species uncertain from aerial imagery.","forest_type":"Unknown","Shape_Length":5556.7128861317196,"Shape_Area":552794.03660481295,"image_period":"2015-2017","old_comp_id":"C020","new_comp_id":"C020","old_status":"Standing","new_status":"Standing","change_type":"No change","change_conf":"High","change_note":"Established forest retained; no significant canopy loss or compartment-level change visible."}},{"type":"Feature","id":21,"geometry":{"type":"Polygon","coordinates":[[[176.17465254797,-38.170581700452949],[176.1750305825804,-38.170127526463943],[176.17568335218252,-38.169732345160561],[176.1750680537061,-38.16931708040871],[176.17484480302559,-38.169167556057097],[176.17466631416346,-38.169141273301484],[176.17452347885921,-38.169028463758814],[176.17467047931589,-38.168783358014217],[176.17446590095969,-38.168609991597954],[176.17443064380606,-38.168478714513761],[176.17460103563971,-38.16831853769127],[176.17463331556138,-38.168154319337077],[176.17433848501139,-38.167944504179985],[176.17421662356423,-38.168087811136665],[176.17396514280566,-38.168195733237916],[176.1737459432066,-38.168139436633162],[176.17355767860977,-38.167887845003875],[176.17348373472464,-38.167773170528292],[176.17358726438977,-38.167661473094554],[176.17371013807445,-38.167541474510912],[176.17394671739729,-38.167317281446522],[176.1739811454141,-38.166748532169869],[176.17402709929243,-38.166218362594122],[176.17369196550004,-38.165760730110271],[176.17365603708095,-38.16561391351194],[176.17379009720977,-38.165524725165184],[176.17377250095922,-38.165346299779721],[176.17374776237924,-38.165230294291995],[176.17384859079985,-38.165056443040882],[176.17396404166288,-38.164765522309864],[176.17412424833142,-38.164597843107877],[176.17434956756148,-38.164568411813839],[176.17459692924373,-38.164592832562413],[176.17472924002882,-38.164690370566156],[176.17518521682595,-38.164981384778216],[176.17539422940305,-38.165030176796343],[176.17562541343452,-38.164877467948074],[176.17561449632444,-38.163962411789157],[176.17549629395833,-38.163977340425312],[176.17534840929494,-38.163747993651491],[176.17498308423507,-38.163275624452922],[176.17508491915834,-38.163125080074266],[176.17528684262285,-38.163010718393508],[176.17537000722388,-38.162884015097532],[176.17535308398686,-38.162721128179996],[176.17541966220088,-38.162439306584076],[176.17541359044679,-38.162299461089582],[176.17502001785041,-38.162284280951795],[176.17497728387445,-38.162387998973969],[176.17481838135717,-38.162543197562378],[176.17435526978031,-38.163028543914066],[176.17422046982168,-38.163298778696664],[176.17422100515455,-38.163751460768296],[176.17408271467349,-38.163941310191312],[176.17381344790985,-38.164049194030603],[176.17359181830793,-38.164080338949773],[176.17344571828764,-38.163943452152189],[176.17317209761859,-38.163638995934711],[176.17286693607298,-38.163717982410361],[176.17258302167957,-38.163827830795938],[176.17250375164855,-38.164065753692334],[176.17243953269963,-38.164421159673317],[176.17239043164949,-38.164666125571024],[176.17219395600583,-38.164726452829946],[176.17185964138213,-38.164821944533514],[176.17164940709611,-38.165024110482406],[176.17153444617358,-38.165357309360452],[176.17149630669158,-38.165625556980331],[176.1717890137204,-38.165947735071597],[176.17209411824768,-38.16609667234794],[176.17249068803653,-38.166518210891439],[176.17184750931997,-38.168673331835294],[176.17107051546103,-38.168424379060355],[176.17037174694158,-38.168201826247525],[176.16972696734061,-38.167813633004869],[176.16905411645124,-38.167812494942055],[176.16799784999952,-38.167572151364276],[176.16754076679953,-38.167453029421161],[176.16754438899275,-38.168746701198252],[176.16804187616313,-38.168667876503669],[176.1689141785663,-38.168671144108608],[176.16985660137684,-38.168985485754114],[176.17059809822976,-38.169367845188169],[176.17114657472658,-38.16947821129866],[176.17244594028256,-38.169925957619505],[176.17208646133386,-38.170516916184177],[176.1716086464576,-38.171513470149947],[176.17126279294277,-38.172157712234608],[176.17081076486136,-38.17296578055835],[176.17052077555616,-38.173331303748718],[176.16997722128855,-38.173596372333222],[176.16952086311414,-38.173259959861539],[176.16863663820527,-38.173981079851501],[176.16869490137813,-38.174208735620681],[176.16857149000904,-38.174392177643689],[176.16816199578051,-38.17483440772024],[176.16800812263128,-38.174953178333197],[176.1678480529205,-38.175088488777973],[176.1677386295876,-38.175435288228321],[176.16765948292309,-38.175683028458096],[176.16756405479154,-38.175760874718925],[176.16708972308186,-38.176096835132306],[176.166958509772,-38.176100377459854],[176.16677919084148,-38.176110676110298],[176.16664272570623,-38.176152564926134],[176.16647291008516,-38.176222643124184],[176.16629736991945,-38.176320164927276],[176.16620015531075,-38.176470150288559],[176.16610959674705,-38.176591445827292],[176.16666649060627,-38.17682630515074],[176.16677500617854,-38.176940724487871],[176.16766284808756,-38.176934179923229],[176.16815996496976,-38.176590788054007],[176.16841592876554,-38.176497283507835],[176.16866547417922,-38.176349431692252],[176.16876990182575,-38.176227949718836],[176.16884789864207,-38.176059074387467],[176.16898284662372,-38.175891867905129],[176.16917952669672,-38.175649231342355],[176.16931211114056,-38.175427568265398],[176.16944174763773,-38.175231641518565],[176.169770222301,-38.175030341310737],[176.17014333222787,-38.174827834933879],[176.17041860469604,-38.174711355757289],[176.17050887932686,-38.174638360202685],[176.17052933751054,-38.174548009315224],[176.17043715306249,-38.174318436069889],[176.1704200781509,-38.174224481348091],[176.17046586522585,-38.174141142631541],[176.17057181011862,-38.174125964473184],[176.17069522337002,-38.174093893653605],[176.1707913314788,-38.17403177217556],[176.17088224590941,-38.173969791902785],[176.17096126024512,-38.17387324001303],[176.17106032145264,-38.173819248718459],[176.17117172602147,-38.173810079435832],[176.17146751605122,-38.17369843083452],[176.17162129657814,-38.173684652330124],[176.17177496586388,-38.173574664012499],[176.17185501129961,-38.173546843000743],[176.17192427209432,-38.173551385003655],[176.17195362214454,-38.173666046212304],[176.17174336667418,-38.173969989001954],[176.17159303184798,-38.174156856693507],[176.17076635764727,-38.175048321460075],[176.17054322407972,-38.17533657452924],[176.1699033401953,-38.175757958487324],[176.1695913725836,-38.175965226859446],[176.16937707337095,-38.176176269530771],[176.16933882407548,-38.176324828291577],[176.16933962669196,-38.176437054089277],[176.16928330886958,-38.176637414628161],[176.16918110365441,-38.176810150658561],[176.16906730683741,-38.176923813718716],[176.17179517893717,-38.176903631901737],[176.17235389854349,-38.175851373047934],[176.17247596996654,-38.175471309270804],[176.17210805133288,-38.175153110107082],[176.17253462149401,-38.174339436041301],[176.17265616320603,-38.173947233685901],[176.17339932607265,-38.172979149997296],[176.17369686464878,-38.172740182569314],[176.17368632523051,-38.172497394682885],[176.1737309717428,-38.172107271478779],[176.1739660359261,-38.171493230839886],[176.17432033073797,-38.171143343016546],[176.17460626313471,-38.170637307216332],[176.17465254797,-38.170581700452949]]]},"properties":{"OBJECTID":21,"comp_id":"C021","forest_name":"Rotorua Demo Forest","species":"Unknown","plant_year":null,"age_yr":null,"status":"Standing","area_ha":41.009846121750932,"source":"LINZ Rural Aerial","img_year":2024,"confidence":"Medium","last_edit":1786665600000,"edit_note":"Standing forest with larger, darker and irregular canopy; forest type uncertain from aerial imagery.","forest_type":"Unknown","Shape_Length":6675.5188974553894,"Shape_Area":410098.46121750935,"image_period":"2015-2017","old_comp_id":"C021","new_comp_id":"C021","old_status":"Standing","new_status":"Standing","change_type":"No change","change_conf":"High","change_note":"Established forest retained; no significant canopy loss or compartment-level change visible."}},{"type":"Feature","id":22,"geometry":{"type":"Polygon","coordinates":[[[176.15824314666793,-38.158170895451789],[176.15879974184651,-38.157549081670595],[176.15970717254629,-38.15681973449324],[176.1603644408778,-38.156419692060076],[176.15997270744262,-38.155840289107033],[176.16116593263703,-38.155177205315283],[176.16121403437998,-38.154921985133491],[176.16113832065815,-38.154774679970735],[176.16057063851986,-38.154476349681254],[176.16036454011362,-38.154083649075716],[176.16010806447002,-38.153728708202806],[176.16019471100577,-38.153454131437186],[176.16045656818923,-38.153587088931928],[176.16062473516925,-38.153831467007201],[176.16159300148669,-38.153898720770847],[176.16174528945967,-38.154003514609855],[176.16184895268623,-38.15435074674015],[176.16215756154077,-38.154653564757339],[176.16400677264568,-38.155957146097734],[176.16479695670745,-38.155354646179418],[176.16311998879482,-38.154129808602427],[176.16275167153478,-38.153813046092544],[176.1626087478179,-38.153241300483259],[176.16216014740598,-38.152662235556711],[176.16226554004547,-38.152266102010145],[176.16201290509332,-38.151762455480899],[176.16164080037703,-38.15169956050611],[176.16117681772624,-38.152003750686383],[176.16056345841977,-38.152056734807928],[176.15960611816962,-38.151985287612767],[176.15845766291082,-38.151408523582099],[176.1579185518554,-38.151398725855444],[176.15757282668511,-38.151590336084105],[176.15747673830737,-38.151860302801332],[176.15762696961525,-38.152488252267524],[176.15752231792831,-38.152916448185437],[176.15616435947345,-38.153548514739832],[176.15585093680028,-38.153775711318474],[176.15566469262603,-38.154096717085181],[176.15604885205153,-38.154438841342575],[176.15629726734372,-38.154845385196957],[176.15612882960852,-38.155579137764519],[176.15760699556608,-38.15737457462096],[176.15640846599032,-38.158136044775226],[176.15599963471243,-38.158292886540238],[176.15564925600444,-38.158258480874153],[176.15540682981816,-38.158466828419442],[176.15491902621446,-38.158577176478104],[176.15434441275656,-38.158808039890502],[176.15397187607456,-38.159100941801157],[176.15318755722083,-38.159474480429488],[176.15247121081248,-38.159639574091116],[176.15184861755324,-38.159672699623897],[176.15148281728079,-38.159921355071162],[176.15108881770007,-38.160016969924584],[176.15089902192648,-38.160143030982368],[176.1505929402492,-38.160346325767023],[176.15041150110957,-38.160657566206055],[176.14998765227637,-38.160945955843218],[176.14939502222995,-38.161148650869769],[176.14906185775448,-38.161370099240052],[176.14869961315381,-38.16161087388069],[176.14834002967999,-38.161849876849921],[176.14804916515823,-38.162043203262478],[176.14731531495491,-38.162160120798056],[176.14724404056975,-38.162169258275114],[176.14680203706934,-38.162225924126595],[176.14642016370007,-38.162463665028469],[176.14598921203728,-38.162939883570807],[176.14539474120645,-38.163317613237396],[176.14490926063752,-38.163841083757283],[176.14491035278635,-38.164582430929173],[176.14485375835082,-38.165101192697783],[176.14451218314844,-38.165346633428896],[176.14416246179664,-38.165805693852192],[176.14436090653001,-38.165967124436186],[176.14451291642047,-38.165959854704226],[176.14505191329496,-38.16619690667639],[176.14522772239707,-38.16613686327441],[176.14547826504941,-38.165888707726587],[176.14595991660653,-38.165236984939803],[176.14621208646335,-38.165174892515012],[176.146425520435,-38.164952879901477],[176.14648601020733,-38.164729937929316],[176.14653773669463,-38.164583826240914],[176.14664151545227,-38.164290674200046],[176.14721764375042,-38.163567878904395],[176.14790839432408,-38.163195677092411],[176.14851790441571,-38.162786354243003],[176.14874239452038,-38.162913938282962],[176.14896857543405,-38.163080773721198],[176.14918833483759,-38.163098453783135],[176.1496592489701,-38.162986855331212],[176.15001137056686,-38.162793422717662],[176.15047657291097,-38.162689039551573],[176.15080592384291,-38.162520588277509],[176.15105260089581,-38.162238886614901],[176.15125916665068,-38.161950402003285],[176.15164372928143,-38.161982400423341],[176.15449078159858,-38.160465584539679],[176.15463232128263,-38.160390173216136],[176.15476955955879,-38.160317053153214],[176.15485004229552,-38.160274172001436],[176.1548360722374,-38.160108536901433],[176.1550427862631,-38.159994115148649],[176.1551896304729,-38.159912833255795],[176.15540534916056,-38.159793425278217],[176.15580492489551,-38.159572244249311],[176.15605796835183,-38.15943217356395],[176.1563274301084,-38.159448503410893],[176.15656830077913,-38.159724959758606],[176.15673863457559,-38.160006209021553],[176.15681776112294,-38.159969747083856],[176.15744673835945,-38.159551995272217],[176.1577430908869,-38.159268943166921],[176.15785946363937,-38.158967156078127],[176.15791313049894,-38.158596322986376],[176.15803151755847,-38.158288978580572],[176.15824314666793,-38.158170895451789]]]},"properties":{"OBJECTID":22,"comp_id":"C022","forest_name":"Rotorua Demo Forest","species":"Unknown","plant_year":null,"age_yr":null,"status":"Standing","area_ha":50.430924220472697,"source":"LINZ Rural Aerial","img_year":2024,"confidence":"Medium","last_edit":1786665600000,"edit_note":"Standing forest with irregular heterogeneous canopy; forest type and species uncertain from aerial imagery.","forest_type":"Unknown","Shape_Length":6357.8132529083314,"Shape_Area":504309.24220472696,"image_period":"2015-2017","old_comp_id":"C022","new_comp_id":"C022","old_status":"Standing","new_status":"Standing","change_type":"No change","change_conf":"High","change_note":"Established forest retained; no significant canopy loss or compartment-level change visible."}},{"type":"Feature","id":23,"geometry":{"type":"Polygon","coordinates":[[[176.15616435947345,-38.153548514739832],[176.15485470041079,-38.152088829639489],[176.15457608019483,-38.151695248947661],[176.15443143981437,-38.151553293226783],[176.15327019091387,-38.152107114808793],[176.1529326175849,-38.152845409544661],[176.15127498459219,-38.153667777681193],[176.14800415909281,-38.155274791717098],[176.14096980799044,-38.158854201173654],[176.13707763658999,-38.160722143908188],[176.13693654762574,-38.160891871735025],[176.13680317521491,-38.161052315191512],[176.13702735760364,-38.162212017513838],[176.1372203265023,-38.162346868924416],[176.1373519194662,-38.162428911833921],[176.13783140979933,-38.163271712806825],[176.13786375913023,-38.163566426240813],[176.13775567027022,-38.163802668394901],[176.13783138245333,-38.164189563383616],[176.1378018463968,-38.164649278200564],[176.13781367342131,-38.165154557382074],[176.13758549270946,-38.165347341418894],[176.13754528821573,-38.165558432627613],[176.13763334861324,-38.165773872396215],[176.13800680033208,-38.165981679187169],[176.13810202611182,-38.166593625368762],[176.13816090061064,-38.166817624050751],[176.13832969562475,-38.167077573390507],[176.13826230303718,-38.1673438413982],[176.13805079855379,-38.167466174390405],[176.13767632569605,-38.167693984638838],[176.13751318454371,-38.168025040112923],[176.13742243896777,-38.16820636969971],[176.13774418934466,-38.168586684637617],[176.13800879498402,-38.169012920121432],[176.13809344430013,-38.168752097267969],[176.1381575821483,-38.168554476327174],[176.13836727441071,-38.168392937536836],[176.13857362084838,-38.168301907327731],[176.13892601392894,-38.16834780914855],[176.13915479346036,-38.168482527690223],[176.13926614372826,-38.168642318720586],[176.13935878640035,-38.168710662800102],[176.13965259437447,-38.168525744701867],[176.14038993896048,-38.168319296277616],[176.14083830666982,-38.168030443388773],[176.14136398760817,-38.167832875212504],[176.1418140769569,-38.167679178678988],[176.14261957736909,-38.167268082119065],[176.14308391295825,-38.166953844254756],[176.14328852131649,-38.166822612800978],[176.14366289307856,-38.166490663156537],[176.14390740970882,-38.166398600942721],[176.14419118955439,-38.166330636673607],[176.14433787225033,-38.166185865935653],[176.14451291642047,-38.165959854704226],[176.14436090653001,-38.165967124436186],[176.14416246179664,-38.165805693852192],[176.14451218314844,-38.165346633428896],[176.14485375835082,-38.165101192697783],[176.14491035278635,-38.164582430929173],[176.14490926063752,-38.163841083757283],[176.14539474120645,-38.163317613237396],[176.14598921203728,-38.162939883570807],[176.14642016370007,-38.162463665028469],[176.14680203706934,-38.162225924126595],[176.14724404056975,-38.162169258275114],[176.14731531495491,-38.162160120798056],[176.14804916515823,-38.162043203262478],[176.14834002967999,-38.161849876849921],[176.14869961315381,-38.16161087388069],[176.14906185775448,-38.161370099240052],[176.14939502222995,-38.161148650869769],[176.14998765227637,-38.160945955843218],[176.15041150110957,-38.160657566206055],[176.1505929402492,-38.160346325767023],[176.15089902192648,-38.160143030982368],[176.15108881770007,-38.160016969924584],[176.15148281728079,-38.159921355071162],[176.15184861755324,-38.159672699623897],[176.15247121081248,-38.159639574091116],[176.15318755722083,-38.159474480429488],[176.15397187607456,-38.159100941801157],[176.15434441275656,-38.158808039890502],[176.15491902621446,-38.158577176478104],[176.15540682981816,-38.158466828419442],[176.15564925600444,-38.158258480874153],[176.15599963471243,-38.158292886540238],[176.15640846599032,-38.158136044775226],[176.15760699556608,-38.15737457462096],[176.15612882960852,-38.155579137764519],[176.15629726734372,-38.154845385196957],[176.15604885205153,-38.154438841342575],[176.15566469262603,-38.154096717085181],[176.15585093680028,-38.153775711318474],[176.15616435947345,-38.153548514739832]]]},"properties":{"OBJECTID":23,"comp_id":"C023","forest_name":"Rotorua Demo Forest","species":"Unknown","plant_year":null,"age_yr":null,"status":"Standing","area_ha":136.69687055043738,"source":"LINZ Rural Aerial","img_year":2024,"confidence":"High","last_edit":1786665600000,"edit_note":"Standing plantation with clear regular planting pattern and internal forestry road network; species and age uncertain from aerial imagery.","forest_type":"Plantation","Shape_Length":6042.601860243034,"Shape_Area":1366968.7055043739,"image_period":"2015-2017","old_comp_id":"C023","new_comp_id":"C023","old_status":"Harvested","new_status":"Standing","change_type":"Replanted","change_conf":"High","change_note":"Predominantly clear-cut in 2015–2017; subsequently replanted and developed into established plantation forest by 2024–2025."}},{"type":"Feature","id":24,"geometry":{"type":"Polygon","coordinates":[[[176.15874584185678,-38.149888767320341],[176.15878231847506,-38.150037022455827],[176.16209162824939,-38.148339480339288],[176.16232703681126,-38.148221488229574],[176.1612403434282,-38.147404603774895],[176.15992008327871,-38.148066134694453],[176.15792742268454,-38.148974489813362],[176.15751281823867,-38.149163481183294],[176.15863253578109,-38.149428238803736],[176.15874584185678,-38.149888767320341]]]},"properties":{"OBJECTID":24,"comp_id":"C024","forest_name":"Rotorua Demo Forest","species":"Unknown","plant_year":null,"age_yr":null,"status":"Standing","area_ha":4.6571907636177077,"source":"LINZ Rural Aerial","img_year":2024,"confidence":"High","last_edit":1786665600000,"edit_note":"Standing plantation identified from regular planting pattern and uniform canopy structure.","forest_type":"Plantation","Shape_Length":1054.4177561542197,"Shape_Area":46571.907636177079,"image_period":"2015-2017","old_comp_id":"C024","new_comp_id":"C024","old_status":"Harvested","new_status":"Standing","change_type":"Replanted","change_conf":"High","change_note":"Predominantly harvested in 2015–2017; subsequently replanted, with established plantation forest visible by 2024–2025."}},{"type":"Feature","id":25,"geometry":{"type":"Polygon","coordinates":[[[176.1612403434282,-38.147404603774895],[176.16179688230602,-38.146909523347595],[176.1607398920921,-38.146917244724399],[176.1612403434282,-38.147404603774895]]]},"properties":{"OBJECTID":25,"comp_id":"C025","forest_name":"Rotorua Demo Forest","species":"Unknown","plant_year":null,"age_yr":null,"status":"Standing","area_ha":0.25276359444274904,"source":"LINZ Rural Aerial","img_year":2024,"confidence":"High","last_edit":1786665600000,"edit_note":"Standing plantation; regular planting rows clearly visible.","forest_type":"Unknown","Shape_Length":235.91629161090916,"Shape_Area":2527.6359444274904,"image_period":"2015-2017","old_comp_id":"C025","new_comp_id":"C025","old_status":"Non-forest","new_status":"Standing","change_type":"New forest","change_conf":"High","change_note":"Open grassland in 2015–2017; substantial woody vegetation/forest cover established by 2024–2025."}},{"type":"Feature","id":26,"geometry":{"type":"Polygon","coordinates":[[[176.15792742268454,-38.148974489813362],[176.15779150596839,-38.148833432317751],[176.15763454547778,-38.14893207212414],[176.15734362026009,-38.148889936321908],[176.1571549993985,-38.148722143622287],[176.15691342211252,-38.148486627277933],[176.15683818062888,-38.148192306101862],[176.1565711159391,-38.148090830107726],[176.15660995141684,-38.147976185786128],[176.15672332732774,-38.147849658250109],[176.15701715664477,-38.147846693038495],[176.15708226934134,-38.14732633547731],[176.15720600888284,-38.147150138195805],[176.15758478956818,-38.146940237215773],[176.15520981992131,-38.146957488799046],[176.15551393287319,-38.147189170342585],[176.15542015569972,-38.148187230000779],[176.15505986344272,-38.148443873274275],[176.15528092709755,-38.148584558060563],[176.15558685197644,-38.14865350496148],[176.15596488370048,-38.148581599248914],[176.15643741660327,-38.148661496711014],[176.15751281823867,-38.149163481183294],[176.15792742268454,-38.148974489813362]]]},"properties":{"OBJECTID":26,"comp_id":"C026","forest_name":"Rotorua Demo Forest","species":"Unknown","plant_year":null,"age_yr":null,"status":"Standing","area_ha":2.8840766497237804,"source":"LINZ Rural Aerial","img_year":2024,"confidence":"Medium","last_edit":1786665600000,"edit_note":"Dense standing tree cover; plantation origin uncertain from aerial imagery.","forest_type":"Unknown","Shape_Length":1038.2327305804322,"Shape_Area":28840.766497237804,"image_period":"2015-2017","old_comp_id":"C026","new_comp_id":"C026","old_status":"Standing","new_status":"Standing","change_type":"No change","change_conf":"High","change_note":"Established forest retained; no significant canopy loss or compartment-level change visible."}},{"type":"Feature","id":27,"geometry":{"type":"Polygon","coordinates":[[[176.12141549393968,-38.16865665296487],[176.12578931757844,-38.166598638743039],[176.12596503173748,-38.165475257451845],[176.1283704387796,-38.164174687644163],[176.12918933630675,-38.163269666489064],[176.12928295535136,-38.161971833735734],[176.12976989599088,-38.160280796322972],[176.11358253911914,-38.165301942237456],[176.11359126229573,-38.166089180287834],[176.11493455568024,-38.166447513735505],[176.11554119091315,-38.166139091249114],[176.11568165605021,-38.166224326961185],[176.11571044576712,-38.166522231748274],[176.11581944003359,-38.167002291610629],[176.11582384021131,-38.167294488768533],[176.115802031855,-38.167727185468728],[176.11587392492274,-38.167903206842652],[176.11625717278045,-38.168585686530946],[176.11702042066653,-38.168313709173368],[176.11756067272265,-38.168096909217951],[176.11831985244825,-38.167859827980571],[176.11872605260598,-38.167935792954509],[176.11918168878387,-38.168097205105511],[176.11943330173196,-38.168198968562031],[176.11986078529227,-38.168129760023305],[176.12035199479803,-38.168051624989793],[176.12075696481099,-38.168098695217267],[176.12086951239237,-38.168160773133913],[176.12141549393968,-38.16865665296487]]]},"properties":{"OBJECTID":27,"comp_id":"C027","forest_name":"Rotorua Demo Forest","species":"Unknown","plant_year":null,"age_yr":null,"status":"Regenerating","area_ha":62.747693978999884,"source":"LINZ Rural Aerial","img_year":2024,"confidence":"Medium","last_edit":1786665600000,"edit_note":"Mixed regenerating woody vegetation with irregular and heterogeneous canopy; forest type uncertain from aerial imagery.","forest_type":"Unknown","Shape_Length":3881.5188527796045,"Shape_Area":627476.93978999881,"image_period":"2015-2017","old_comp_id":"C027","new_comp_id":"C027","old_status":"Regenerating","new_status":"Standing","change_type":"Regenerated","change_conf":"High","change_note":"Regenerating mixed woody vegetation in 2015–2017 developed into denser, more continuous standing forest by 2024–2025."}},{"type":"Feature","id":28,"geometry":{"type":"Polygon","coordinates":[[[176.15520981992131,-38.146957488799046],[176.13429644653101,-38.147107322581171],[176.11338272921012,-38.147253429443801],[176.11358253911914,-38.165301942237456],[176.12976989599088,-38.160280796322972],[176.12928295535136,-38.161971833735734],[176.12918933630675,-38.163269666489064],[176.1283704387796,-38.164174687644163],[176.12596503173748,-38.165475257451845],[176.12578931757844,-38.166598638743039],[176.12141549393968,-38.16865665296487],[176.11366017903356,-38.172305089940146],[176.11371580906479,-38.177319616758851],[176.13056416384723,-38.177201905994998],[176.13077751399314,-38.177035577049075],[176.13105334956853,-38.176820532801166],[176.13121111523503,-38.176697535396208],[176.13164749282637,-38.176616001134164],[176.13196876989716,-38.176385570808264],[176.13200149985062,-38.176219964153042],[176.13175067652807,-38.176054382908383],[176.13155078731603,-38.175999359304384],[176.13135154287895,-38.175959408033492],[176.1309839285606,-38.175707659885063],[176.1308903045053,-38.175604528412094],[176.13056917662084,-38.175401444193682],[176.13030770169595,-38.175268322059971],[176.1299635604953,-38.175094137991486],[176.12991240552327,-38.174996608964598],[176.12992815671743,-38.175129577867466],[176.12982109444209,-38.175212774005182],[176.12981067323167,-38.175279420006646],[176.1298102866111,-38.175373742851093],[176.12972592150984,-38.175470306101282],[176.12891620903079,-38.175781828351639],[176.12859638987197,-38.175856725847126],[176.12842828248998,-38.175857715928011],[176.12825748758945,-38.175795902393304],[176.12817748053621,-38.175787556922351],[176.1280599333312,-38.175832607633509],[176.12791294003279,-38.17591337382072],[176.12775119182314,-38.175959603633771],[176.12758487538483,-38.176002461155598],[176.12747025573657,-38.176012502754602],[176.12737743560876,-38.176014977194782],[176.12729037979631,-38.176048735425688],[176.12715604771518,-38.176115191332862],[176.1270648691717,-38.176156045212203],[176.12695278634718,-38.176225400784716],[176.12691052567047,-38.176271937474844],[176.12678990011528,-38.176348506511516],[176.12664126276616,-38.176390891509776],[176.12636325064798,-38.176408780492935],[176.12596897536707,-38.1763983284023],[176.12565133207235,-38.176420763765364],[176.12536020896934,-38.17644249265097],[176.12514819825927,-38.17645163357794],[176.12490966704476,-38.176461480553129],[176.12470813645871,-38.176508764986224],[176.12455418160124,-38.176530331229969],[176.12439079034161,-38.176538175847156],[176.12419247029533,-38.176362910060114],[176.12406830716247,-38.17620793689283],[176.12402678657278,-38.176045305867646],[176.12399287130143,-38.175898845159026],[176.12395849028579,-38.175741481897916],[176.1236730756539,-38.175372486149193],[176.12344547535906,-38.175061987529432],[176.12332023289133,-38.175043490262588],[176.12313562991946,-38.175092068210667],[176.12299456085015,-38.175188608287222],[176.1229106027649,-38.175327290409157],[176.12277504073111,-38.175390936101508],[176.12256351141681,-38.175456603671314],[176.12235958531036,-38.175538442272504],[176.12222402351321,-38.175602087332898],[176.12192736731856,-38.175779176860587],[176.12180747963612,-38.175886067722509],[176.12162108864661,-38.176054764317435],[176.12152952239177,-38.17617727506957],[176.12142988676698,-38.176272710841552],[176.12131410934904,-38.17631399587242],[176.12115022055119,-38.176362019625245],[176.12080816531855,-38.176447530419281],[176.12055426224168,-38.176492489952246],[176.12037493088744,-38.176502717931299],[176.12028445186826,-38.17648875071513],[176.1201755797444,-38.176529851871194],[176.11968002799173,-38.176744973170635],[176.11933431950433,-38.176906987815187],[176.11922428304555,-38.176920829434458],[176.11904285794256,-38.176881989729374],[176.11896549238315,-38.176851299070677],[176.11881929596595,-38.176827896183383],[176.11874060634796,-38.176928230802133],[176.11862692059347,-38.177018578943141],[176.11846256307877,-38.177055695589573],[176.11831799542415,-38.177070454270655],[176.11824428058915,-38.17696325602143],[176.1180948285253,-38.176863527787454],[176.11733701869022,-38.176441575857467],[176.11708832454906,-38.176284447034824],[176.11701437984459,-38.17617179523576],[176.1170838403211,-38.176017128576483],[176.11720303805032,-38.175893886985769],[176.11738413014311,-38.175680665582284],[176.11746342317079,-38.175768242261839],[176.11754975693097,-38.175581840723567],[176.11730519822177,-38.175208933130541],[176.11709843994549,-38.174575850946127],[176.11693906783012,-38.174405432486473],[176.11687452155218,-38.174188830161917],[176.11690805565149,-38.174002370497334],[176.11688268881244,-38.173893885837565],[176.11672152466065,-38.173843589120793],[176.11652031972628,-38.173827102545808],[176.1161650896436,-38.173765585526354],[176.11599904663055,-38.173600799925964],[176.11586451416602,-38.173364224970356],[176.11585957064327,-38.173086002628516],[176.1158737830977,-38.172932803956769],[176.11582415109282,-38.172579357418186],[176.11590695843779,-38.172413420164823],[176.11598013577651,-38.172345981414352],[176.11623512497948,-38.17216455571964],[176.11642981982956,-38.172028393696436],[176.11655203371456,-38.171976026697166],[176.11670047775499,-38.171890214254155],[176.11699138741574,-38.171740579381712],[176.11738790844029,-38.171473521915004],[176.11781321222253,-38.171232987892303],[176.11819986828772,-38.171058973836622],[176.11851478001643,-38.171154522216952],[176.1186949910315,-38.171230072786031],[176.11886576900079,-38.171291901073552],[176.11906967136017,-38.171300452161859],[176.11936504780425,-38.171275134066505],[176.11949247502145,-38.171254280158152],[176.11953682091351,-38.171256593974704],[176.11965292461386,-38.171281451348428],[176.11991472942327,-38.171298941062645],[176.12036862061001,-38.171255432145223],[176.12069667339719,-38.171166365515766],[176.12081109093168,-38.171048051401854],[176.12093166645403,-38.170866697286186],[176.12105710777783,-38.17069569340515],[176.12123618101961,-38.170537234425915],[176.1214142586899,-38.170459142573961],[176.12195117312709,-38.170287668340393],[176.12233399240066,-38.170134265578035],[176.12247095126568,-38.170025827980595],[176.12257036707624,-38.169970786637144],[176.12268145397294,-38.169981801792879],[176.12269650056507,-38.170023317776753],[176.12267415582176,-38.170121719125611],[176.12259053038127,-38.170235722481927],[176.12257369859788,-38.170463219463457],[176.1225868588335,-38.170564167859759],[176.12267560064143,-38.170673584338701],[176.12292374895804,-38.170785742663078],[176.12363186349924,-38.171229361649729],[176.12387613570854,-38.171347333983533],[176.12396118080358,-38.171386561558201],[176.12461727776159,-38.169775692872271],[176.12459738953876,-38.169776222555257],[176.12500497668094,-38.169529584871626],[176.1253446299489,-38.169324052935153],[176.12528673469836,-38.168901188068304],[176.12548109607872,-38.168797444335304],[176.12566068154075,-38.168491514723513],[176.12575977183445,-38.16832270990939],[176.12596706235342,-38.168253306402953],[176.12609996338122,-38.16804569950606],[176.1262224539683,-38.167854353525925],[176.12645169652924,-38.167496247546893],[176.12664716880403,-38.167190891384365],[176.12707529352789,-38.166959418221623],[176.12735425984985,-38.166731919559197],[176.12812294391662,-38.16678216121165],[176.12862142681598,-38.166383652656194],[176.12905455827376,-38.165918631259025],[176.12934624259478,-38.165605466669781],[176.12953715562517,-38.165400492687439],[176.12998340434513,-38.165089842655817],[176.13021016458563,-38.164852719694942],[176.13039764942042,-38.164656665078894],[176.13066701098816,-38.16437499080471],[176.13116334535269,-38.163855962094949],[176.13144147355681,-38.163376976034165],[176.13137595318068,-38.163074377715439],[176.13146410368475,-38.162975543800016],[176.13184126991032,-38.162949757840359],[176.13214527871736,-38.16307525245572],[176.13233938501497,-38.163423742302662],[176.13237997334869,-38.163674158972285],[176.13329966758531,-38.16418094818976],[176.13343877291774,-38.16407359851965],[176.13365419579438,-38.163907351802038],[176.13380334477171,-38.163903368094168],[176.13411264476576,-38.163924384174152],[176.13443129845774,-38.16369010867335],[176.13460993942604,-38.163677477117673],[176.13485295035358,-38.163773155809494],[176.13509360622962,-38.163813881713097],[176.13525639943404,-38.163895985181206],[176.13538581467833,-38.164128307239118],[176.13539321904116,-38.164301015682454],[176.13569925867881,-38.164473602840857],[176.13618124933842,-38.164570751172953],[176.13644347725796,-38.164650194031026],[176.13637624797246,-38.165050933282693],[176.13604036186956,-38.165240991487799],[176.1358809363071,-38.165386092677302],[176.13566433548795,-38.165683621608231],[176.13559938676954,-38.165951947373614],[176.13594150933952,-38.166204363235813],[176.1361215209017,-38.166390691093753],[176.13597394335991,-38.166812125531358],[176.13593403611125,-38.167105737356579],[176.1361553526819,-38.16713201313086],[176.13633027652185,-38.167217474619179],[176.13645252848607,-38.167310782996772],[176.1363921890962,-38.167425067959741],[176.13633765051711,-38.167484470961597],[176.13632453032886,-38.167558863868642],[176.13627765009045,-38.167701761490534],[176.13598190669779,-38.167841654195051],[176.13586935665757,-38.168018124673502],[176.1358507186585,-38.16889260208125],[176.13581560758138,-38.169078112159603],[176.13534933156546,-38.169607954857717],[176.13516693503414,-38.16976204062928],[176.13506853559738,-38.169854818456926],[176.13473606172647,-38.17027403232207],[176.13476698197081,-38.170444177129689],[176.1348859071087,-38.170462758965776],[176.13510429884153,-38.170413403098429],[176.13529555724008,-38.170374098511026],[176.13542934410816,-38.170463779619247],[176.13570945616561,-38.170568200991603],[176.13594664255595,-38.170589838199056],[176.13607783764286,-38.170527269098997],[176.13613690592982,-38.170435541828056],[176.13637156864726,-38.170214777732049],[176.13650303018645,-38.170158417548492],[176.13707167388921,-38.169829249706154],[176.13730533008683,-38.16967689853562],[176.13731559353994,-38.169732578893971],[176.13726412733379,-38.16981788604371],[176.13703026791922,-38.170057281701048],[176.13710159621456,-38.170067808324056],[176.13724065698864,-38.170005027621293],[176.13738478504405,-38.169876830778357],[176.13765557037473,-38.169763897759914],[176.13771943170752,-38.169783950262229],[176.13781161607938,-38.169620462975757],[176.13800879498402,-38.169012920121432],[176.13774418934466,-38.168586684637617],[176.13742243896777,-38.16820636969971],[176.13751318454371,-38.168025040112923],[176.13767632569605,-38.167693984638838],[176.13805079855379,-38.167466174390405],[176.13826230303718,-38.1673438413982],[176.13832969562475,-38.167077573390507],[176.13816090061064,-38.166817624050751],[176.13810202611182,-38.166593625368762],[176.13800680033208,-38.165981679187169],[176.13763334861324,-38.165773872396215],[176.13754528821573,-38.165558432627613],[176.13758549270946,-38.165347341418894],[176.13781367342131,-38.165154557382074],[176.1378018463968,-38.164649278200564],[176.13783138245333,-38.164189563383616],[176.13775567027022,-38.163802668394901],[176.13786375913023,-38.163566426240813],[176.13783140979933,-38.163271712806825],[176.1373519194662,-38.162428911833921],[176.1372203265023,-38.162346868924416],[176.13702735760364,-38.162212017513838],[176.13680317521491,-38.161052315191512],[176.13693654762574,-38.160891871735025],[176.13724736686194,-38.157901590964684],[176.13767065204783,-38.156732667119009],[176.13742324495675,-38.156305181269211],[176.13661951269654,-38.155012305372288],[176.13679377716295,-38.154802654084989],[176.1374240978802,-38.154544634225772],[176.1421712595934,-38.152347421201647],[176.14285144323929,-38.152028227407556],[176.14722076796548,-38.149773407279845],[176.15000643112924,-38.148491857351324],[176.15057335144874,-38.14853692885],[176.1511413107568,-38.148606086094297],[176.15163975292131,-38.148833866174101],[176.15216507130773,-38.148976514683852],[176.15292249052217,-38.148835581388759],[176.15354543126742,-38.148408857159858],[176.15438273596442,-38.148350175834722],[176.15542015569972,-38.148187230000779],[176.15551393287319,-38.147189170342585],[176.15520981992131,-38.146957488799046]]]},"properties":{"OBJECTID":28,"comp_id":"C028","forest_name":"Rotorua Demo Forest","species":"Unknown","plant_year":null,"age_yr":null,"status":"Standing","area_ha":507.62274669974556,"source":"LINZ Rural Aerial","img_year":2024,"confidence":"Medium","last_edit":1786665600000,"edit_note":"Standing mixed/natural vegetation with heterogeneous canopy; imagery seam affects colour interpretation.","forest_type":"Unknown","Shape_Length":21387.875902356554,"Shape_Area":5076227.4669974558,"image_period":"2015-2017","old_comp_id":"C028","new_comp_id":"C028","old_status":"Standing","new_status":"Standing","change_type":"No change","change_conf":"High","change_note":"Established forest cover remained present in both imagery periods, with no clear evidence of major harvesting, replanting or forest loss."}},{"type":"Feature","id":29,"geometry":{"type":"Polygon","coordinates":[[[176.16392270121821,-38.151200912007184],[176.16383528909844,-38.151162164577208],[176.16381344658745,-38.150940300939752],[176.16386518701233,-38.150791410430003],[176.16368848418151,-38.150670441692327],[176.16354153711509,-38.150587477470431],[176.16356050792501,-38.150457513689524],[176.16308101180596,-38.150106500846576],[176.16217208599576,-38.150583165436856],[176.16238155212406,-38.151249712690984],[176.16237988284769,-38.151552746178297],[176.16258953103878,-38.152096582822246],[176.16262187060579,-38.152449681935501],[176.16278058089824,-38.152547072231876],[176.16323460865942,-38.152402824722344],[176.16324715210081,-38.152297980371344],[176.16339939497706,-38.152165772368981],[176.1649007540428,-38.151245415567324],[176.16431341286474,-38.150493308000357],[176.16419204632615,-38.151098534117239],[176.16408168673553,-38.151263325014945],[176.16392270121821,-38.151200912007184]]]},"properties":{"OBJECTID":29,"comp_id":"C029","forest_name":"Rotorua Demo Forest","species":"Unknown","plant_year":null,"age_yr":null,"status":"Recently planted","area_ha":3.3317172260043173,"source":"LINZ Rural Aerial","img_year":2024,"confidence":"Medium","last_edit":1786665600000,"edit_note":"Young plantation / regenerating stand with relatively uniform low canopy; plantation pattern partially visible in aerial imagery.","forest_type":"Plantation","Shape_Length":928.18361672127332,"Shape_Area":33317.172260043175,"image_period":"2015-2017","old_comp_id":"C029","new_comp_id":"C029","old_status":"Regenerating","new_status":"Standing","change_type":"Regenerated","change_conf":"High","change_note":"Regenerating/early-growth forest in 2015–2017 developed into denser and more established standing forest by 2024–2025; existing open areas remained largely unchanged."}},{"type":"Feature","id":30,"geometry":{"type":"Polygon","coordinates":[[[176.16460161743564,-38.176917164965808],[176.16495308888923,-38.176537455224278],[176.16505534442697,-38.176199114045154],[176.16472260762706,-38.175721934951625],[176.16402665738264,-38.174965116826101],[176.16312070734517,-38.175609014259571],[176.16289008509281,-38.175871751452448],[176.1626648870533,-38.176259873036926],[176.16242829854005,-38.176544601697643],[176.16190926920825,-38.176853316539422],[176.16167032391942,-38.176978220766138],[176.16457393348904,-38.176956919589429],[176.16460161743564,-38.176917164965808]]]},"properties":{"OBJECTID":30,"comp_id":"C030","forest_name":"Rotorua Demo Forest","species":"Unknown","plant_year":null,"age_yr":null,"status":"Standing","area_ha":3.5177191790836924,"source":"LINZ Rural Aerial","img_year":2024,"confidence":"High","last_edit":1786665600000,"edit_note":"Standing plantation forest with regular planting pattern and relatively dense canopy.","forest_type":"Plantation","Shape_Length":824.52441789215163,"Shape_Area":35177.191790836921,"image_period":"2015-2017","old_comp_id":"C030","new_comp_id":"C030","old_status":"Recently planted","new_status":"Standing","change_type":"Regenerated","change_conf":"High","change_note":"Recently planted forest visible in regular planting rows in 2015–2017 developed into established standing forest by 2024–2025."}},{"type":"Feature","id":31,"geometry":{"type":"Polygon","coordinates":[[[176.1738743352135,-38.176888206666362],[176.17576863614431,-38.176874120905524],[176.17570622296179,-38.171648171694869],[176.175427747697,-38.17185046999311],[176.1752173583501,-38.171868477591744],[176.17493120851069,-38.171892968664409],[176.17479398506191,-38.172044251731748],[176.17454280385661,-38.172385918135305],[176.17454764154203,-38.172828495504326],[176.17463984486753,-38.173461684258797],[176.1745986837312,-38.173672800460672],[176.17426800793692,-38.174005265718549],[176.17402350746522,-38.174335399443756],[176.17409970839634,-38.174600097110591],[176.17422497036773,-38.174722936829362],[176.17427994145629,-38.174776845147214],[176.17484243372655,-38.175312170870676],[176.17505537687467,-38.175414246808543],[176.1751182453969,-38.17553741197024],[176.17508254303849,-38.175708650261015],[176.17493616291449,-38.175814775207634],[176.17473331307772,-38.175945131736341],[176.17434345296323,-38.176239468662992],[176.17400332457964,-38.176685704038654],[176.1738743352135,-38.176888206666362]]]},"properties":{"OBJECTID":31,"comp_id":"C031","forest_name":"Rotorua Demo Forest","species":"Unknown","plant_year":null,"age_yr":null,"status":"Regenerating","area_ha":6.0528109563171331,"source":"LINZ Rural Aerial","img_year":2024,"confidence":"Medium","last_edit":1786665600000,"edit_note":"Young/regenerating plantation interpreted from relatively regular planting pattern; species and age uncertain.","forest_type":"Plantation","Shape_Length":1480.2109867778781,"Shape_Area":60528.109563171332,"image_period":"2015-2017","old_comp_id":"C031","new_comp_id":"C031","old_status":"Harvested","new_status":"Standing","change_type":"Regenerated","change_conf":"High","change_note":"Predominantly cleared/open area with scattered residual vegetation in 2015–2017 developed into substantially denser and more continuous forest cover by 2024–2025"}},{"type":"Feature","id":32,"geometry":{"type":"Polygon","coordinates":[[[176.1738743352135,-38.176888206666362],[176.17400332457964,-38.176685704038654],[176.17434345296323,-38.176239468662992],[176.17473331307772,-38.175945131736341],[176.17493616291449,-38.175814775207634],[176.17508254303849,-38.175708650261015],[176.1751182453969,-38.17553741197024],[176.17505537687467,-38.175414246808543],[176.17484243372655,-38.175312170870676],[176.17427994145629,-38.174776845147214],[176.17422497036773,-38.174722936829362],[176.17416357178246,-38.174831813792316],[176.17392903266602,-38.174809042287443],[176.17378564894375,-38.174818597388679],[176.17365387684518,-38.174930001419675],[176.1735287938148,-38.175029872583941],[176.17356863884243,-38.175119607052302],[176.17366716703901,-38.175236132473444],[176.17368197839357,-38.175411679709043],[176.17360611106304,-38.175557090596797],[176.17350174470283,-38.175757120327681],[176.17324303059519,-38.175900316588951],[176.17311474522256,-38.175926489251147],[176.17307686072937,-38.176015227122122],[176.17290766373785,-38.176125065957407],[176.17285088842269,-38.176272346572652],[176.17302370940865,-38.176479499878482],[176.17303084566322,-38.176643903018828],[176.1727891290829,-38.176707198705742],[176.17271962330778,-38.176868767325765],[176.17276223352232,-38.176896461912868],[176.1738743352135,-38.176888206666362]]]},"properties":{"OBJECTID":32,"comp_id":"C032","forest_name":"Rotorua Demo Forest","species":"Unknown","plant_year":null,"age_yr":null,"status":"Regenerating","area_ha":2.5859862545502783,"source":"LINZ Rural Aerial","img_year":2024,"confidence":"Medium","last_edit":1786665600000,"edit_note":"Dense, bright-green and relatively uniform canopy; likely regenerating forest, but forest type uncertain","forest_type":"Unknown","Shape_Length":753.1574605661649,"Shape_Area":25859.862545502783,"image_period":"2015-2017","old_comp_id":"C032","new_comp_id":"C032","old_status":"Regenerating","new_status":"Standing","change_type":"Regenerated","change_conf":"High","change_note":"Regenerating/early-growth forest in 2015–2017 developed into denser and more continuous standing forest by 2024–2025."}},{"type":"Feature","id":33,"geometry":{"type":"Polygon","coordinates":[[[176.1752173583501,-38.171868477591744],[176.1750799534156,-38.171576549503797],[176.17511262404318,-38.171481221249238],[176.17502044382533,-38.171265767432601],[176.17494378418192,-38.171089849930596],[176.17492863211052,-38.170846884293127],[176.1748399193917,-38.170711251137057],[176.17465254797,-38.170581700452949],[176.17460626313471,-38.170637307216332],[176.17432033073797,-38.171143343016546],[176.1739660359261,-38.171493230839886],[176.1737309717428,-38.172107271478779],[176.17368632523051,-38.172497394682885],[176.17369686464878,-38.172740182569314],[176.17339932607265,-38.172979149997296],[176.17265616320603,-38.173947233685901],[176.17253462149401,-38.174339436041301],[176.17210805133288,-38.175153110107082],[176.17247596996654,-38.175471309270804],[176.17235389854349,-38.175851373047934],[176.17179517893717,-38.176903631901737],[176.17276223352232,-38.176896461912868],[176.17271962330778,-38.176868767325765],[176.1727891290829,-38.176707198705742],[176.17303084566322,-38.176643903018828],[176.17302370940865,-38.176479499878482],[176.17285088842269,-38.176272346572652],[176.17290766373785,-38.176125065957407],[176.17307686072937,-38.176015227122122],[176.17311474522256,-38.175926489251147],[176.17324303059519,-38.175900316588951],[176.17350174470283,-38.175757120327681],[176.17360611106304,-38.175557090596797],[176.17368197839357,-38.175411679709043],[176.17366716703901,-38.175236132473444],[176.17356863884243,-38.175119607052302],[176.1735287938148,-38.175029872583941],[176.17365387684518,-38.174930001419675],[176.17378564894375,-38.174818597388679],[176.17392903266602,-38.174809042287443],[176.17416357178246,-38.174831813792316],[176.17422497036773,-38.174722936829362],[176.17409970839634,-38.174600097110591],[176.17402350746522,-38.174335399443756],[176.17426800793692,-38.174005265718549],[176.1745986837312,-38.173672800460672],[176.17463984486753,-38.173461684258797],[176.17454764154203,-38.172828495504326],[176.17454280385661,-38.172385918135305],[176.17479398506191,-38.172044251731748],[176.17493120851069,-38.171892968664409],[176.1752173583501,-38.171868477591744]]]},"properties":{"OBJECTID":33,"comp_id":"C033","forest_name":"Rotorua Demo Forest","species":"Unknown","plant_year":null,"age_yr":null,"status":"Regenerating","area_ha":7.0562239599420256,"source":"LINZ Rural Aerial","img_year":2024,"confidence":"Medium","last_edit":1786665600000,"edit_note":"Young/regenerating plantation interpreted from relatively regular planting pattern; species and age uncertain.","forest_type":"Plantation","Shape_Length":1740.8672960819972,"Shape_Area":70562.239599420252,"image_period":"2015-2017","old_comp_id":"C033","new_comp_id":"C033","old_status":"Harvested","new_status":"Standing","change_type":"Replanted","change_conf":"High","change_note":"Recently harvested/cleared area in 2015–2017 subsequently developed into established forest cover by 2024–2025, consistent with post-harvest replanting."}},{"type":"Feature","id":34,"geometry":{"type":"Polygon","coordinates":[[[176.15874584185678,-38.149888767320341],[176.15863253578109,-38.149428238803736],[176.15751281823867,-38.149163481183294],[176.15699598546698,-38.149388990662253],[176.15786809116781,-38.149815816880142],[176.15797680992685,-38.149890976307802],[176.15803906276997,-38.150035060339782],[176.158194062837,-38.149960611625453],[176.15845112194569,-38.150112466052057],[176.15874584185678,-38.149888767320341]]]},"properties":{"OBJECTID":34,"comp_id":"C034","forest_name":"Rotorua Demo Forest","species":"Unknown","plant_year":null,"age_yr":null,"status":"Harvested","area_ha":0.82347349805317338,"source":"LINZ Rural Aerial","img_year":2024,"confidence":"High","last_edit":1786665600000,"edit_note":"Recently harvested area identified from aerial imagery; felled logs and harvesting disturbance visible.","forest_type":"Unknown","Shape_Length":405.87678332856632,"Shape_Area":8234.7349805317335,"image_period":"2015-2017","old_comp_id":"C034","new_comp_id":"C034","old_status":"Standing","new_status":"Harvested","change_type":"Harvested","change_conf":"High","change_note":"Established standing forest in 2015–2017 was harvested by 2024–2025, with extensive canopy removal, exposed ground and visible logging residues."}},{"type":"Feature","id":35,"geometry":{"type":"Polygon","coordinates":[[[176.1607398920921,-38.146917244724399],[176.15983348267957,-38.146923858593581],[176.15986728245352,-38.147119548832123],[176.15993108055659,-38.147291813115366],[176.15997147698823,-38.147871341394371],[176.15994804232193,-38.147981216858661],[176.15992008327871,-38.148066134694453],[176.1612403434282,-38.147404603774895],[176.1607398920921,-38.146917244724399]]]},"properties":{"OBJECTID":35,"comp_id":"C035","forest_name":"Rotorua Demo Forest","species":"Unknown","plant_year":null,"age_yr":null,"status":"Standing","area_ha":0.92473409363783299,"source":"LINZ Rural Aerial","img_year":2024,"confidence":"Medium","last_edit":1786665600000,"edit_note":"Standing mixed/natural tree cover; irregular canopy structure with no clear plantation rows.","forest_type":"Unknown","Shape_Length":414.7650778766739,"Shape_Area":9247.3409363783303,"image_period":"2015-2017","old_comp_id":"C035","new_comp_id":"C035","old_status":"Standing","new_status":"Standing","change_type":"No change","change_conf":"High","change_note":"Established forest cover remained present in both imagery periods, with no clear evidence of major harvesting, replanting or forest loss."}},{"type":"Feature","id":36,"geometry":{"type":"Polygon","coordinates":[[[176.1583748686129,-38.148666605184779],[176.15844566924591,-38.148596400077267],[176.15847753878512,-38.148503922026663],[176.15847720395794,-38.148447293436988],[176.1584883379245,-38.148412011133203],[176.1585439581086,-38.148332220460283],[176.15851096586258,-38.148203174050018],[176.15841346919001,-38.148045878807537],[176.15824330570666,-38.147915527827479],[176.15814018369838,-38.147823350547753],[176.15804036519657,-38.147807713741003],[176.15781237772524,-38.147803854448433],[176.15768315501353,-38.147888957170991],[176.15756923068301,-38.148035284117206],[176.15752072046192,-38.148133207246772],[176.15757772899948,-38.148184558376784],[176.15763229472034,-38.148233708448174],[176.15763961873441,-38.14834656495492],[176.1576262088831,-38.148426885172618],[176.1576597530582,-38.148470960131128],[176.15774264432193,-38.148485386942419],[176.15780640517426,-38.148545307071437],[176.15791089218087,-38.148669097922493],[176.15819232273503,-38.148738151199453],[176.1583748686129,-38.148666605184779]]]},"properties":{"OBJECTID":36,"comp_id":"C036","forest_name":"Rotorua Demo Forest","species":"Unknown","plant_year":null,"age_yr":null,"status":"Standing","area_ha":0.64359093342840334,"source":"LINZ Rural Aerial","img_year":2024,"confidence":"Medium","last_edit":1786665600000,"edit_note":"Dense isolated tree patch within open grassland; origin/species uncertain from aerial imagery.","forest_type":"Unknown","Shape_Length":302.49419250221496,"Shape_Area":6435.9093342840333,"image_period":"2015-2017","old_comp_id":"C036","new_comp_id":"C036","old_status":"Standing","new_status":"Standing","change_type":"No change","change_conf":"High","change_note":"Established forest cover remained present in both imagery periods, with no clear evidence of major harvesting, replanting or forest loss."}},{"type":"Feature","id":37,"geometry":{"type":"Polygon","coordinates":[[[176.11625717278045,-38.168585686530946],[176.11587392492274,-38.167903206842652],[176.115802031855,-38.167727185468728],[176.11582384021131,-38.167294488768533],[176.11581944003359,-38.167002291610629],[176.11571044576712,-38.166522231748274],[176.11568165605021,-38.166224326961185],[176.11554119091315,-38.166139091249114],[176.11493455568024,-38.166447513735505],[176.11359126229573,-38.166089180287834],[176.11362370291164,-38.169015646629852],[176.11500721243101,-38.168606679059202],[176.11544892448538,-38.168696624989295],[176.11583796883068,-38.168759498973074],[176.11625717278045,-38.168585686530946]]]},"properties":{"OBJECTID":37,"comp_id":"C037","forest_name":"Rotorua Demo Forest","species":"Unknown","plant_year":null,"age_yr":null,"status":"Recently planted","area_ha":5.5230109041722306,"source":"LINZ Rural Aerial","img_year":2024,"confidence":"High","last_edit":1786665600000,"edit_note":"Young plantation with clearly visible regular planting pattern and open canopy.","forest_type":"Plantation","Shape_Length":1045.3243839772265,"Shape_Area":55230.109041722309,"image_period":"2015-2017","old_comp_id":"C037","new_comp_id":"C037","old_status":"Standing","new_status":"Recently planted","change_type":"Replanted","change_conf":"High","change_note":"Established standing forest visible in 2015–2017 was subsequently harvested and replanted; regular young-tree spacing is clearly visible in the 2024–2025 imagery."}},{"type":"Feature","id":38,"geometry":{"type":"Polygon","coordinates":[[[176.12141549393968,-38.16865665296487],[176.12086951239237,-38.168160773133913],[176.12075696481099,-38.168098695217267],[176.12035199479803,-38.168051624989793],[176.11986078529227,-38.168129760023305],[176.11943330173196,-38.168198968562031],[176.11918168878387,-38.168097205105511],[176.11872605260598,-38.167935792954509],[176.11831985244825,-38.167859827980571],[176.11756067272265,-38.168096909217951],[176.11702042066653,-38.168313709173368],[176.11625717278045,-38.168585686530946],[176.11583796883068,-38.168759498973074],[176.11544892448538,-38.168696624989295],[176.11500721243101,-38.168606679059202],[176.11362370291164,-38.169015646629852],[176.11365238324228,-38.171602188052859],[176.11366017903356,-38.172305089940146],[176.12141549393968,-38.16865665296487]]]},"properties":{"OBJECTID":38,"comp_id":"C038","forest_name":"Rotorua Demo Forest","species":"Unknown","plant_year":null,"age_yr":null,"status":"Regenerating","area_ha":16.103212591268903,"source":"LINZ Rural Aerial","img_year":2024,"confidence":"Medium","last_edit":1786665600000,"edit_note":"Dense regenerating/mixed woody vegetation with irregular canopy structure; forest type uncertain from aerial imagery.","forest_type":"Unknown","Shape_Length":1909.0961048683014,"Shape_Area":161032.12591268902,"image_period":"2015-2017","old_comp_id":"C038","new_comp_id":"C038","old_status":"Standing","new_status":"Standing","change_type":"No change","change_conf":"High","change_note":"Continuous standing forest cover is visible in both imagery dates, with no clear evidence of harvesting, clearing or replanting."}}]}